item,itemLabel,parent,parentLabel,genderLabel,article
http://www.wikidata.org/entity/Q9682,Elizabeth II,http://www.wikidata.org/entity/Q280856,George VI,female,https://en.wikipedia.org/wiki/Elizabeth_II
http://www.wikidata.org/entity/Q9682,Elizabeth II,http://www.wikidata.org/entity/Q10633,"Queen Elizabeth, The Queen Mother",female,https://en.wikipedia.org/wiki/Elizabeth_II
http://www.wikidata.org/entity/Q43274,Charles III,http://www.wikidata.org/entity/Q9682,Elizabeth II,male,https://en.wikipedia.org/wiki/Charles_III
http://www.wikidata.org/entity/Q43274,Charles III,http://www.wikidata.org/entity/Q80976,"Prince Philip, Duke of Edinburgh",male,https://en.wikipedia.org/wiki/Charles_III
http://www.wikidata.org/entity/Q80976,"Prince Philip, Duke of Edinburgh",http://www.wikidata.org/entity/Q156531,Prince Andrew of Greece and Denmark,male,"https://en.wikipedia.org/wiki/Prince_Philip,_Duke_of_Edinburgh"
http://www.wikidata.org/entity/Q10633,"Queen Elizabeth, The Queen Mother",http://www.wikidata.org/entity/Q335159,"Claude Bowes-Lyon, 14th Earl of Strathmore and Kinghorne",female,https://en.wikipedia.org/wiki/Queen_Elizabeth_the_Queen_Mother
http://www.wikidata.org/entity/Q75411,John Bowes-Lyon,http://www.wikidata.org/entity/Q335159,"Claude Bowes-Lyon, 14th Earl of Strathmore and Kinghorne",male,https://en.wikipedia.org/wiki/John_Bowes-Lyon
http://www.wikidata.org/entity/Q115477,Louise Mountbatten,http://www.wikidata.org/entity/Q57468,Prince Louis of Battenberg,female,https://en.wikipedia.org/wiki/Louise_Mountbatten
http://www.wikidata.org/entity/Q72937,"Kraft, Prince of Hohenlohe-Langenburg",http://www.wikidata.org/entity/Q66546,"Gottfried, 8th Prince of Hohenlohe-Langenburg",male,"https://en.wikipedia.org/wiki/Kraft,_Prince_of_Hohenlohe-Langenburg"
http://www.wikidata.org/entity/Q151754,"Anne, Princess Royal",http://www.wikidata.org/entity/Q80976,"Prince Philip, Duke of Edinburgh",female,"https://en.wikipedia.org/wiki/Anne,_Princess_Royal"
http://www.wikidata.org/entity/Q116062,Princess Alice of Battenberg,http://www.wikidata.org/entity/Q57468,Prince Louis of Battenberg,female,https://en.wikipedia.org/wiki/Princess_Alice_of_Battenberg
http://www.wikidata.org/entity/Q19006,Princess Elizabeth of Greece and Denmark,http://www.wikidata.org/entity/Q170160,Prince Nicholas of Greece and Denmark,female,https://en.wikipedia.org/wiki/Princess_Elizabeth_of_Greece_and_Denmark
http://www.wikidata.org/entity/Q75411,John Bowes-Lyon,http://www.wikidata.org/entity/Q238820,"Cecilia Bowes-Lyon, Countess of Strathmore and Kinghorne",male,https://en.wikipedia.org/wiki/John_Bowes-Lyon
http://www.wikidata.org/entity/Q10633,"Queen Elizabeth, The Queen Mother",http://www.wikidata.org/entity/Q238820,"Cecilia Bowes-Lyon, Countess of Strathmore and Kinghorne",female,https://en.wikipedia.org/wiki/Queen_Elizabeth_the_Queen_Mother
http://www.wikidata.org/entity/Q80976,"Prince Philip, Duke of Edinburgh",http://www.wikidata.org/entity/Q116062,Princess Alice of Battenberg,male,"https://en.wikipedia.org/wiki/Prince_Philip,_Duke_of_Edinburgh"
http://www.wikidata.org/entity/Q72937,"Kraft, Prince of Hohenlohe-Langenburg",http://www.wikidata.org/entity/Q240317,Princess Margarita of Greece and Denmark,male,"https://en.wikipedia.org/wiki/Kraft,_Prince_of_Hohenlohe-Langenburg"
http://www.wikidata.org/entity/Q151754,"Anne, Princess Royal",http://www.wikidata.org/entity/Q9682,Elizabeth II,female,"https://en.wikipedia.org/wiki/Anne,_Princess_Royal"
http://www.wikidata.org/entity/Q115477,Louise Mountbatten,http://www.wikidata.org/entity/Q57658,Princess Victoria of Hesse and by Rhine,female,https://en.wikipedia.org/wiki/Louise_Mountbatten
http://www.wikidata.org/entity/Q117174,"Prince Henry, Duke of Gloucester",http://www.wikidata.org/entity/Q76927,Mary of Teck,male,"https://en.wikipedia.org/wiki/Prince_Henry,_Duke_of_Gloucester"
http://www.wikidata.org/entity/Q117174,"Prince Henry, Duke of Gloucester",http://www.wikidata.org/entity/Q269412,George V,male,"https://en.wikipedia.org/wiki/Prince_Henry,_Duke_of_Gloucester"
http://www.wikidata.org/entity/Q151773,Constantine II of Greece,http://www.wikidata.org/entity/Q61351,Frederica of Hanover,male,https://en.wikipedia.org/wiki/Constantine_II_of_Greece
http://www.wikidata.org/entity/Q151742,Alexander of Greece,http://www.wikidata.org/entity/Q152099,Constantine I of Greece,male,https://en.wikipedia.org/wiki/Alexander_of_Greece
http://www.wikidata.org/entity/Q151742,Alexander of Greece,http://www.wikidata.org/entity/Q155822,Sophia of Prussia,male,https://en.wikipedia.org/wiki/Alexander_of_Greece
http://www.wikidata.org/entity/Q152935,George II of Greece,http://www.wikidata.org/entity/Q152099,Constantine I of Greece,male,https://en.wikipedia.org/wiki/George_II_of_Greece
http://www.wikidata.org/entity/Q151773,Constantine II of Greece,http://www.wikidata.org/entity/Q155394,Paul of Greece,male,https://en.wikipedia.org/wiki/Constantine_II_of_Greece
http://www.wikidata.org/entity/Q153330,Andrew Mountbatten-Windsor,http://www.wikidata.org/entity/Q80976,"Prince Philip, Duke of Edinburgh",male,https://en.wikipedia.org/wiki/Andrew_Mountbatten-Windsor
http://www.wikidata.org/entity/Q152935,George II of Greece,http://www.wikidata.org/entity/Q155822,Sophia of Prussia,male,https://en.wikipedia.org/wiki/George_II_of_Greece
http://www.wikidata.org/entity/Q153815,"Princess Margaret, Countess of Snowdon",http://www.wikidata.org/entity/Q280856,George VI,female,"https://en.wikipedia.org/wiki/Princess_Margaret,_Countess_of_Snowdon"
http://www.wikidata.org/entity/Q156531,Prince Andrew of Greece and Denmark,http://www.wikidata.org/entity/Q17142,George I of Greece,male,https://en.wikipedia.org/wiki/Prince_Andrew_of_Greece_and_Denmark
http://www.wikidata.org/entity/Q116062,Princess Alice of Battenberg,http://www.wikidata.org/entity/Q57658,Princess Victoria of Hesse and by Rhine,female,https://en.wikipedia.org/wiki/Princess_Alice_of_Battenberg
http://www.wikidata.org/entity/Q154920,"Prince Edward, Duke of Edinburgh",http://www.wikidata.org/entity/Q80976,"Prince Philip, Duke of Edinburgh",male,"https://en.wikipedia.org/wiki/Prince_Edward,_Duke_of_Edinburgh"
http://www.wikidata.org/entity/Q152099,Constantine I of Greece,http://www.wikidata.org/entity/Q155178,Olga Constantinovna of Russia,male,https://en.wikipedia.org/wiki/Constantine_I_of_Greece
http://www.wikidata.org/entity/Q155394,Paul of Greece,http://www.wikidata.org/entity/Q155822,Sophia of Prussia,male,https://en.wikipedia.org/wiki/Paul_of_Greece
http://www.wikidata.org/entity/Q157068,"Louis Mountbatten, 1st Earl Mountbatten of Burma",http://www.wikidata.org/entity/Q57658,Princess Victoria of Hesse and by Rhine,male,https://en.wikipedia.org/wiki/Lord_Mountbatten
http://www.wikidata.org/entity/Q153330,Andrew Mountbatten-Windsor,http://www.wikidata.org/entity/Q9682,Elizabeth II,male,https://en.wikipedia.org/wiki/Andrew_Mountbatten-Windsor
http://www.wikidata.org/entity/Q154920,"Prince Edward, Duke of Edinburgh",http://www.wikidata.org/entity/Q9682,Elizabeth II,male,"https://en.wikipedia.org/wiki/Prince_Edward,_Duke_of_Edinburgh"
http://www.wikidata.org/entity/Q155394,Paul of Greece,http://www.wikidata.org/entity/Q152099,Constantine I of Greece,male,https://en.wikipedia.org/wiki/Paul_of_Greece
http://www.wikidata.org/entity/Q152099,Constantine I of Greece,http://www.wikidata.org/entity/Q17142,George I of Greece,male,https://en.wikipedia.org/wiki/Constantine_I_of_Greece
http://www.wikidata.org/entity/Q157068,"Louis Mountbatten, 1st Earl Mountbatten of Burma",http://www.wikidata.org/entity/Q57468,Prince Louis of Battenberg,male,https://en.wikipedia.org/wiki/Lord_Mountbatten
http://www.wikidata.org/entity/Q162177,Helen of Greece and Denmark,http://www.wikidata.org/entity/Q152099,Constantine I of Greece,female,https://en.wikipedia.org/wiki/Helen_of_Greece_and_Denmark
http://www.wikidata.org/entity/Q153815,"Princess Margaret, Countess of Snowdon",http://www.wikidata.org/entity/Q10633,"Queen Elizabeth, The Queen Mother",female,"https://en.wikipedia.org/wiki/Princess_Margaret,_Countess_of_Snowdon"
http://www.wikidata.org/entity/Q160770,"Prince George, Duke of Kent",http://www.wikidata.org/entity/Q76927,Mary of Teck,male,"https://en.wikipedia.org/wiki/Prince_George,_Duke_of_Kent"
http://www.wikidata.org/entity/Q162177,Helen of Greece and Denmark,http://www.wikidata.org/entity/Q155822,Sophia of Prussia,female,https://en.wikipedia.org/wiki/Helen_of_Greece_and_Denmark
http://www.wikidata.org/entity/Q170191,"Princess Alexandra, Lady Ogilvy",http://www.wikidata.org/entity/Q160770,"Prince George, Duke of Kent",female,https://en.wikipedia.org/wiki/Princess_Alexandra_(born_1936)
http://www.wikidata.org/entity/Q158258,"Prince Edward, Duke of Kent",http://www.wikidata.org/entity/Q160770,"Prince George, Duke of Kent",male,"https://en.wikipedia.org/wiki/Prince_Edward,_Duke_of_Kent"
http://www.wikidata.org/entity/Q235438,Grand Duchess Maria Pavlovna of Russia,http://www.wikidata.org/entity/Q372964,Grand Duke Paul Alexandrovich of Russia,female,https://en.wikipedia.org/wiki/Grand_Duchess_Maria_Pavlovna_of_Russia_(1890%E2%80%931958)
http://www.wikidata.org/entity/Q235432,Princess Olga of Greece and Denmark,http://www.wikidata.org/entity/Q170160,Prince Nicholas of Greece and Denmark,female,https://en.wikipedia.org/wiki/Princess_Olga_of_Greece_and_Denmark
http://www.wikidata.org/entity/Q236196,Princess Cecilie of Greece and Denmark,http://www.wikidata.org/entity/Q156531,Prince Andrew of Greece and Denmark,female,https://en.wikipedia.org/wiki/Princess_Cecilie_of_Greece_and_Denmark
http://www.wikidata.org/entity/Q232728,Princess Alexandra of Greece and Denmark,http://www.wikidata.org/entity/Q155178,Olga Constantinovna of Russia,female,https://en.wikipedia.org/wiki/Princess_Alexandra_of_Greece_and_Denmark
http://www.wikidata.org/entity/Q232732,Princess Maria of Greece and Denmark,http://www.wikidata.org/entity/Q155178,Olga Constantinovna of Russia,female,https://en.wikipedia.org/wiki/Princess_Maria_of_Greece_and_Denmark
http://www.wikidata.org/entity/Q170396,Prince George of Greece and Denmark,http://www.wikidata.org/entity/Q17142,George I of Greece,male,https://en.wikipedia.org/wiki/Prince_George_of_Greece_and_Denmark
http://www.wikidata.org/entity/Q170294,"Prince Richard, Duke of Gloucester",http://www.wikidata.org/entity/Q117174,"Prince Henry, Duke of Gloucester",male,"https://en.wikipedia.org/wiki/Prince_Richard,_Duke_of_Gloucester"
http://www.wikidata.org/entity/Q170160,Prince Nicholas of Greece and Denmark,http://www.wikidata.org/entity/Q17142,George I of Greece,male,https://en.wikipedia.org/wiki/Prince_Nicholas_of_Greece_and_Denmark
http://www.wikidata.org/entity/Q156531,Prince Andrew of Greece and Denmark,http://www.wikidata.org/entity/Q155178,Olga Constantinovna of Russia,male,https://en.wikipedia.org/wiki/Prince_Andrew_of_Greece_and_Denmark
http://www.wikidata.org/entity/Q242298,Princess Irene of Greece and Denmark,http://www.wikidata.org/entity/Q155394,Paul of Greece,female,https://en.wikipedia.org/wiki/Princess_Irene_of_Greece_and_Denmark
http://www.wikidata.org/entity/Q372954,Grand Duke Dmitri Pavlovich of Russia,http://www.wikidata.org/entity/Q372964,Grand Duke Paul Alexandrovich of Russia,male,https://en.wikipedia.org/wiki/Grand_Duke_Dmitri_Pavlovich_of_Russia
http://www.wikidata.org/entity/Q336691,"Patricia Knatchbull, 2nd Countess Mountbatten of Burma",http://www.wikidata.org/entity/Q157068,"Louis Mountbatten, 1st Earl Mountbatten of Burma",female,"https://en.wikipedia.org/wiki/Patricia_Knatchbull,_2nd_Countess_Mountbatten_of_Burma"
http://www.wikidata.org/entity/Q170294,"Prince Richard, Duke of Gloucester",http://www.wikidata.org/entity/Q246915,"Princess Alice, Duchess of Gloucester",male,"https://en.wikipedia.org/wiki/Prince_Richard,_Duke_of_Gloucester"
http://www.wikidata.org/entity/Q170160,Prince Nicholas of Greece and Denmark,http://www.wikidata.org/entity/Q155178,Olga Constantinovna of Russia,male,https://en.wikipedia.org/wiki/Prince_Nicholas_of_Greece_and_Denmark
http://www.wikidata.org/entity/Q255382,Princess Theodora of Greece and Denmark,http://www.wikidata.org/entity/Q116062,Princess Alice of Battenberg,female,https://en.wikipedia.org/wiki/Princess_Theodora_of_Greece_and_Denmark_(1906%E2%80%931969)
http://www.wikidata.org/entity/Q242338,Princess Katherine of Greece and Denmark,http://www.wikidata.org/entity/Q155822,Sophia of Prussia,female,https://en.wikipedia.org/wiki/Princess_Katherine_of_Greece_and_Denmark
http://www.wikidata.org/entity/Q156548,Queen Sofía of Spain,http://www.wikidata.org/entity/Q155394,Paul of Greece,female,https://en.wikipedia.org/wiki/Queen_Sof%C3%ADa_of_Spain
http://www.wikidata.org/entity/Q160770,"Prince George, Duke of Kent",http://www.wikidata.org/entity/Q269412,George V,male,"https://en.wikipedia.org/wiki/Prince_George,_Duke_of_Kent"
http://www.wikidata.org/entity/Q170191,"Princess Alexandra, Lady Ogilvy",http://www.wikidata.org/entity/Q170184,Princess Marina of Greece and Denmark,female,https://en.wikipedia.org/wiki/Princess_Alexandra_(born_1936)
http://www.wikidata.org/entity/Q280856,George VI,http://www.wikidata.org/entity/Q76927,Mary of Teck,male,https://en.wikipedia.org/wiki/George_VI
http://www.wikidata.org/entity/Q564226,Lennart Bernadotte,http://www.wikidata.org/entity/Q435739,"Prince Wilhelm, Duke of Södermanland",male,https://en.wikipedia.org/wiki/Lennart_Bernadotte
http://www.wikidata.org/entity/Q621866,"Alexander Windsor, Earl of Ulster",http://www.wikidata.org/entity/Q170294,"Prince Richard, Duke of Gloucester",male,"https://en.wikipedia.org/wiki/Alexander_Windsor,_Earl_of_Ulster"
http://www.wikidata.org/entity/Q255382,Princess Theodora of Greece and Denmark,http://www.wikidata.org/entity/Q156531,Prince Andrew of Greece and Denmark,female,https://en.wikipedia.org/wiki/Princess_Theodora_of_Greece_and_Denmark_(1906%E2%80%931969)
http://www.wikidata.org/entity/Q240317,Princess Margarita of Greece and Denmark,http://www.wikidata.org/entity/Q156531,Prince Andrew of Greece and Denmark,female,https://en.wikipedia.org/wiki/Princess_Margarita_of_Greece_and_Denmark
http://www.wikidata.org/entity/Q242298,Princess Irene of Greece and Denmark,http://www.wikidata.org/entity/Q61351,Frederica of Hanover,female,https://en.wikipedia.org/wiki/Princess_Irene_of_Greece_and_Denmark
http://www.wikidata.org/entity/Q170184,Princess Marina of Greece and Denmark,http://www.wikidata.org/entity/Q170160,Prince Nicholas of Greece and Denmark,female,https://en.wikipedia.org/wiki/Princess_Marina_of_Greece_and_Denmark
http://www.wikidata.org/entity/Q3991503,Timothy Bowes-Lyon,http://www.wikidata.org/entity/Q1758535,"Patrick Bowes-Lyon, 15th Earl of Strathmore and Kinghorne",male,"https://en.wikipedia.org/wiki/Timothy_Bowes-Lyon,_16th_Earl_of_Strathmore_and_Kinghorne"
http://www.wikidata.org/entity/Q6759834,Margaret Rhodes,http://www.wikidata.org/entity/Q3960165,"Sidney Elphinstone, 16th Lord Elphinstone",female,https://en.wikipedia.org/wiki/Margaret_Rhodes
http://www.wikidata.org/entity/Q2962982,Gerald David Lascelles,http://www.wikidata.org/entity/Q2653986,"Henry Lascelles, 6th Earl of Harewood",male,https://en.wikipedia.org/wiki/Gerald_David_Lascelles
http://www.wikidata.org/entity/Q3268202,Lady Pamela Hicks,http://www.wikidata.org/entity/Q157068,"Louis Mountbatten, 1st Earl Mountbatten of Burma",female,https://en.wikipedia.org/wiki/Lady_Pamela_Hicks
http://www.wikidata.org/entity/Q3856119,"Fergus Bowes-Lyon, 17th Earl of Strathmore and Kinghorne",http://www.wikidata.org/entity/Q63806478,Michael Bowes-Lyon,male,"https://en.wikipedia.org/wiki/Fergus_Bowes-Lyon,_17th_Earl_of_Strathmore_and_Kinghorne"
http://www.wikidata.org/entity/Q6231704,"John Elphinstone, 17th Lord Elphinstone",http://www.wikidata.org/entity/Q3960165,"Sidney Elphinstone, 16th Lord Elphinstone",male,"https://en.wikipedia.org/wiki/John_Elphinstone,_17th_Lord_Elphinstone"
http://www.wikidata.org/entity/Q232728,Princess Alexandra of Greece and Denmark,http://www.wikidata.org/entity/Q17142,George I of Greece,female,https://en.wikipedia.org/wiki/Princess_Alexandra_of_Greece_and_Denmark
http://www.wikidata.org/entity/Q232732,Princess Maria of Greece and Denmark,http://www.wikidata.org/entity/Q17142,George I of Greece,female,https://en.wikipedia.org/wiki/Princess_Maria_of_Greece_and_Denmark
http://www.wikidata.org/entity/Q601229,Prince Peter of Greece and Denmark,http://www.wikidata.org/entity/Q170396,Prince George of Greece and Denmark,male,https://en.wikipedia.org/wiki/Prince_Peter_of_Greece_and_Denmark
http://www.wikidata.org/entity/Q630371,Princess Sophie of Greece and Denmark,http://www.wikidata.org/entity/Q156531,Prince Andrew of Greece and Denmark,female,https://en.wikipedia.org/wiki/Princess_Sophie_of_Greece_and_Denmark
http://www.wikidata.org/entity/Q433753,Princess Xenia Georgievna of Russia,http://www.wikidata.org/entity/Q524451,Grand Duke George Mikhailovich of Russia,female,https://en.wikipedia.org/wiki/Princess_Xenia_Georgievna_of_Russia
http://www.wikidata.org/entity/Q310488,Prince John of the United Kingdom,http://www.wikidata.org/entity/Q76927,Mary of Teck,male,https://en.wikipedia.org/wiki/Prince_John_of_the_United_Kingdom
http://www.wikidata.org/entity/Q257926,Princess Elizabeth of Serbia,http://www.wikidata.org/entity/Q235432,Princess Olga of Greece and Denmark,female,https://en.wikipedia.org/wiki/Princess_Elizabeth_of_Yugoslavia
http://www.wikidata.org/entity/Q268139,Lady Davina Windsor,http://www.wikidata.org/entity/Q241584,"Birgitte, Duchess of Gloucester",female,https://en.wikipedia.org/wiki/Lady_Davina_Windsor
http://www.wikidata.org/entity/Q313752,Prince Michael of Kent,http://www.wikidata.org/entity/Q170184,Princess Marina of Greece and Denmark,male,https://en.wikipedia.org/wiki/Prince_Michael_of_Kent
http://www.wikidata.org/entity/Q167423,Alexandra of Yugoslavia,http://www.wikidata.org/entity/Q151742,Alexander of Greece,female,https://en.wikipedia.org/wiki/Alexandra_of_Yugoslavia
http://www.wikidata.org/entity/Q724825,Prince Michael of Greece and Denmark,http://www.wikidata.org/entity/Q447757,Prince Christopher of Greece and Denmark,male,https://en.wikipedia.org/wiki/Prince_Michael_of_Greece_and_Denmark
http://www.wikidata.org/entity/Q898347,Nina Georgievna of Russia,http://www.wikidata.org/entity/Q524451,Grand Duke George Mikhailovich of Russia,female,https://en.wikipedia.org/wiki/Princess_Nina_Georgievna_of_Russia
http://www.wikidata.org/entity/Q452039,"Prince Amedeo, 5th Duke of Aosta",http://www.wikidata.org/entity/Q236770,"Princess Irene, Duchess of Aosta",male,"https://en.wikipedia.org/wiki/Prince_Amedeo,_Duke_of_Aosta_(1943%E2%80%932021)"
http://www.wikidata.org/entity/Q430785,Lady Rose Windsor,http://www.wikidata.org/entity/Q241584,"Birgitte, Duchess of Gloucester",female,https://en.wikipedia.org/wiki/Lady_Rose_Gilman
http://www.wikidata.org/entity/Q662282,James Ogilvy,http://www.wikidata.org/entity/Q544609,Angus Ogilvy,male,https://en.wikipedia.org/wiki/James_Ogilvy
http://www.wikidata.org/entity/Q674343,Lady Helen Taylor,http://www.wikidata.org/entity/Q158258,"Prince Edward, Duke of Kent",female,https://en.wikipedia.org/wiki/Lady_Helen_Taylor
http://www.wikidata.org/entity/Q930013,Michael I of Romania,http://www.wikidata.org/entity/Q212897,Carol II of Romania,male,https://en.wikipedia.org/wiki/Michael_I_of_Romania
http://www.wikidata.org/entity/Q1040807,Lady Sarah Chatto,http://www.wikidata.org/entity/Q335260,"Antony Armstrong-Jones, 1st Earl of Snowdon",female,https://en.wikipedia.org/wiki/Lady_Sarah_Chatto
http://www.wikidata.org/entity/Q1009513,"George Windsor, Earl of St Andrews",http://www.wikidata.org/entity/Q158258,"Prince Edward, Duke of Kent",male,"https://en.wikipedia.org/wiki/George_Windsor,_Earl_of_St_Andrews"
http://www.wikidata.org/entity/Q233913,"Mary, Princess Royal and Countess of Harewood",http://www.wikidata.org/entity/Q76927,Mary of Teck,female,"https://en.wikipedia.org/wiki/Mary,_Princess_Royal_and_Countess_of_Harewood"
http://www.wikidata.org/entity/Q590227,Edward VIII,http://www.wikidata.org/entity/Q76927,Mary of Teck,male,https://en.wikipedia.org/wiki/Edward_VIII
http://www.wikidata.org/entity/Q156548,Queen Sofía of Spain,http://www.wikidata.org/entity/Q61351,Frederica of Hanover,female,https://en.wikipedia.org/wiki/Queen_Sof%C3%ADa_of_Spain
http://www.wikidata.org/entity/Q158258,"Prince Edward, Duke of Kent",http://www.wikidata.org/entity/Q170184,Princess Marina of Greece and Denmark,male,"https://en.wikipedia.org/wiki/Prince_Edward,_Duke_of_Kent"
http://www.wikidata.org/entity/Q236770,"Princess Irene, Duchess of Aosta",http://www.wikidata.org/entity/Q152099,Constantine I of Greece,female,"https://en.wikipedia.org/wiki/Princess_Irene,_Duchess_of_Aosta"
http://www.wikidata.org/entity/Q170396,Prince George of Greece and Denmark,http://www.wikidata.org/entity/Q155178,Olga Constantinovna of Russia,male,https://en.wikipedia.org/wiki/Prince_George_of_Greece_and_Denmark
http://www.wikidata.org/entity/Q167423,Alexandra of Yugoslavia,http://www.wikidata.org/entity/Q240442,Aspasia Manos,female,https://en.wikipedia.org/wiki/Alexandra_of_Yugoslavia
http://www.wikidata.org/entity/Q621866,"Alexander Windsor, Earl of Ulster",http://www.wikidata.org/entity/Q241584,"Birgitte, Duchess of Gloucester",male,"https://en.wikipedia.org/wiki/Alexander_Windsor,_Earl_of_Ulster"
http://www.wikidata.org/entity/Q564226,Lennart Bernadotte,http://www.wikidata.org/entity/Q235438,Grand Duchess Maria Pavlovna of Russia,male,https://en.wikipedia.org/wiki/Lennart_Bernadotte
http://www.wikidata.org/entity/Q335129,"George Mountbatten, 2nd Marquess of Milford Haven",http://www.wikidata.org/entity/Q57658,Princess Victoria of Hesse and by Rhine,male,"https://en.wikipedia.org/wiki/George_Mountbatten,_2nd_Marquess_of_Milford_Haven"
http://www.wikidata.org/entity/Q447757,Prince Christopher of Greece and Denmark,http://www.wikidata.org/entity/Q155178,Olga Constantinovna of Russia,male,https://en.wikipedia.org/wiki/Prince_Christopher_of_Greece_and_Denmark
http://www.wikidata.org/entity/Q336609,"George Lascelles, 7th Earl of Harewood",http://www.wikidata.org/entity/Q2653986,"Henry Lascelles, 6th Earl of Harewood",male,"https://en.wikipedia.org/wiki/George_Lascelles,_7th_Earl_of_Harewood"
http://www.wikidata.org/entity/Q313752,Prince Michael of Kent,http://www.wikidata.org/entity/Q160770,"Prince George, Duke of Kent",male,https://en.wikipedia.org/wiki/Prince_Michael_of_Kent
http://www.wikidata.org/entity/Q1758535,"Patrick Bowes-Lyon, 15th Earl of Strathmore and Kinghorne",http://www.wikidata.org/entity/Q238820,"Cecilia Bowes-Lyon, Countess of Strathmore and Kinghorne",male,"https://en.wikipedia.org/wiki/Patrick_Bowes-Lyon,_15th_Earl_of_Strathmore_and_Kinghorne"
http://www.wikidata.org/entity/Q657778,Prince William of Gloucester,http://www.wikidata.org/entity/Q246915,"Princess Alice, Duchess of Gloucester",male,https://en.wikipedia.org/wiki/Prince_William_of_Gloucester
http://www.wikidata.org/entity/Q2871729,Princess Anne of Denmark,http://www.wikidata.org/entity/Q75381423,Fenella Hepburn-Stuart-Forbes-Trefusis,female,https://en.wikipedia.org/wiki/Anne_Bowes-Lyon
http://www.wikidata.org/entity/Q1091237,"David Armstrong-Jones, 2nd Earl of Snowdon",http://www.wikidata.org/entity/Q335260,"Antony Armstrong-Jones, 1st Earl of Snowdon",male,"https://en.wikipedia.org/wiki/David_Armstrong-Jones,_2nd_Earl_of_Snowdon"
http://www.wikidata.org/entity/Q236770,"Princess Irene, Duchess of Aosta",http://www.wikidata.org/entity/Q155822,Sophia of Prussia,female,"https://en.wikipedia.org/wiki/Princess_Irene,_Duchess_of_Aosta"
http://www.wikidata.org/entity/Q236196,Princess Cecilie of Greece and Denmark,http://www.wikidata.org/entity/Q116062,Princess Alice of Battenberg,female,https://en.wikipedia.org/wiki/Princess_Cecilie_of_Greece_and_Denmark
http://www.wikidata.org/entity/Q268139,Lady Davina Windsor,http://www.wikidata.org/entity/Q170294,"Prince Richard, Duke of Gloucester",female,https://en.wikipedia.org/wiki/Lady_Davina_Windsor
http://www.wikidata.org/entity/Q257926,Princess Elizabeth of Serbia,http://www.wikidata.org/entity/Q313128,Prince Paul of Yugoslavia,female,https://en.wikipedia.org/wiki/Princess_Elizabeth_of_Yugoslavia
http://www.wikidata.org/entity/Q233913,"Mary, Princess Royal and Countess of Harewood",http://www.wikidata.org/entity/Q269412,George V,female,"https://en.wikipedia.org/wiki/Mary,_Princess_Royal_and_Countess_of_Harewood"
http://www.wikidata.org/entity/Q1040807,Lady Sarah Chatto,http://www.wikidata.org/entity/Q153815,"Princess Margaret, Countess of Snowdon",female,https://en.wikipedia.org/wiki/Lady_Sarah_Chatto
http://www.wikidata.org/entity/Q1009513,"George Windsor, Earl of St Andrews",http://www.wikidata.org/entity/Q236678,"Katharine, Duchess of Kent",male,"https://en.wikipedia.org/wiki/George_Windsor,_Earl_of_St_Andrews"
http://www.wikidata.org/entity/Q2379307,Princess Eugénie of Greece and Denmark,http://www.wikidata.org/entity/Q170396,Prince George of Greece and Denmark,female,https://en.wikipedia.org/wiki/Princess_Eug%C3%A9nie_of_Greece_and_Denmark
http://www.wikidata.org/entity/Q2752971,"David Mountbatten, 3rd Marquess of Milford Haven",http://www.wikidata.org/entity/Q335129,"George Mountbatten, 2nd Marquess of Milford Haven",male,"https://en.wikipedia.org/wiki/David_Mountbatten,_3rd_Marquess_of_Milford_Haven"
http://www.wikidata.org/entity/Q2242035,Prince Alexander of Serbia,http://www.wikidata.org/entity/Q313128,Prince Paul of Yugoslavia,male,https://en.wikipedia.org/wiki/Prince_Alexander_of_Yugoslavia_(1924%E2%80%932016)
http://www.wikidata.org/entity/Q2354262,Princess Johanna of Hesse and by Rhine,http://www.wikidata.org/entity/Q60737,"Georg Donatus, Hereditary Grand Duke of Hesse",female,https://en.wikipedia.org/wiki/Princess_Johanna_of_Hesse_and_by_Rhine
http://www.wikidata.org/entity/Q2354262,Princess Johanna of Hesse and by Rhine,http://www.wikidata.org/entity/Q61270,"Louis, Prince of Hesse and by Rhine",female,https://en.wikipedia.org/wiki/Princess_Johanna_of_Hesse_and_by_Rhine
http://www.wikidata.org/entity/Q630371,Princess Sophie of Greece and Denmark,http://www.wikidata.org/entity/Q116062,Princess Alice of Battenberg,female,https://en.wikipedia.org/wiki/Princess_Sophie_of_Greece_and_Denmark
http://www.wikidata.org/entity/Q662282,James Ogilvy,http://www.wikidata.org/entity/Q170191,"Princess Alexandra, Lady Ogilvy",male,https://en.wikipedia.org/wiki/James_Ogilvy
http://www.wikidata.org/entity/Q674343,Lady Helen Taylor,http://www.wikidata.org/entity/Q236678,"Katharine, Duchess of Kent",female,https://en.wikipedia.org/wiki/Lady_Helen_Taylor
http://www.wikidata.org/entity/Q19006,Princess Elizabeth of Greece and Denmark,http://www.wikidata.org/entity/Q232483,Grand Duchess Elena Vladimirovna of Russia,female,https://en.wikipedia.org/wiki/Princess_Elizabeth_of_Greece_and_Denmark
http://www.wikidata.org/entity/Q310488,Prince John of the United Kingdom,http://www.wikidata.org/entity/Q269412,George V,male,https://en.wikipedia.org/wiki/Prince_John_of_the_United_Kingdom
http://www.wikidata.org/entity/Q240317,Princess Margarita of Greece and Denmark,http://www.wikidata.org/entity/Q116062,Princess Alice of Battenberg,female,https://en.wikipedia.org/wiki/Princess_Margarita_of_Greece_and_Denmark
http://www.wikidata.org/entity/Q4590751,Prince Nikola of Yugoslavia,http://www.wikidata.org/entity/Q235432,Princess Olga of Greece and Denmark,male,https://en.wikipedia.org/wiki/Prince_Nikola_of_Yugoslavia
http://www.wikidata.org/entity/Q3312290,Marina Ogilvy,http://www.wikidata.org/entity/Q170191,"Princess Alexandra, Lady Ogilvy",female,https://en.wikipedia.org/wiki/Marina_Ogilvy
http://www.wikidata.org/entity/Q242338,Princess Katherine of Greece and Denmark,http://www.wikidata.org/entity/Q152099,Constantine I of Greece,female,https://en.wikipedia.org/wiki/Princess_Katherine_of_Greece_and_Denmark
http://www.wikidata.org/entity/Q75251053,Nerissa Bowes-Lyon,http://www.wikidata.org/entity/Q75381423,Fenella Hepburn-Stuart-Forbes-Trefusis,female,https://en.wikipedia.org/wiki/Nerissa_Bowes-Lyon
http://www.wikidata.org/entity/Q7367831,"Rose Leveson-Gower, Countess Granville",http://www.wikidata.org/entity/Q238820,"Cecilia Bowes-Lyon, Countess of Strathmore and Kinghorne",female,"https://en.wikipedia.org/wiki/Rose_Leveson-Gower,_Countess_Granville"
http://www.wikidata.org/entity/Q63806478,Michael Bowes-Lyon,http://www.wikidata.org/entity/Q238820,"Cecilia Bowes-Lyon, Countess of Strathmore and Kinghorne",male,https://en.wikipedia.org/wiki/Michael_Bowes-Lyon_(British_Army_officer)
http://www.wikidata.org/entity/Q6779476,"Mary Elphinstone, Lady Elphinstone",http://www.wikidata.org/entity/Q238820,"Cecilia Bowes-Lyon, Countess of Strathmore and Kinghorne",female,"https://en.wikipedia.org/wiki/Mary_Elphinstone,_Lady_Elphinstone"
http://www.wikidata.org/entity/Q84795732,Jeanne Marie Langtry,http://www.wikidata.org/entity/Q297743,Lillie Langtry,female,https://en.wikipedia.org/wiki/Jeanne_Marie_Langtry
http://www.wikidata.org/entity/Q75248488,Katherine Bowes-Lyon,http://www.wikidata.org/entity/Q75381423,Fenella Hepburn-Stuart-Forbes-Trefusis,female,https://en.wikipedia.org/wiki/Katherine_Bowes-Lyon
http://www.wikidata.org/entity/Q5444165,Fergus Bowes-Lyon,http://www.wikidata.org/entity/Q238820,"Cecilia Bowes-Lyon, Countess of Strathmore and Kinghorne",male,https://en.wikipedia.org/wiki/Fergus_Bowes-Lyon
http://www.wikidata.org/entity/Q5231604,David Bowes-Lyon,http://www.wikidata.org/entity/Q238820,"Cecilia Bowes-Lyon, Countess of Strathmore and Kinghorne",male,https://en.wikipedia.org/wiki/David_Bowes-Lyon
http://www.wikidata.org/entity/Q930013,Michael I of Romania,http://www.wikidata.org/entity/Q162177,Helen of Greece and Denmark,male,https://en.wikipedia.org/wiki/Michael_I_of_Romania
http://www.wikidata.org/entity/Q1217757,Lord Nicholas Windsor,http://www.wikidata.org/entity/Q158258,"Prince Edward, Duke of Kent",male,https://en.wikipedia.org/wiki/Lord_Nicholas_Windsor
http://www.wikidata.org/entity/Q430785,Lady Rose Windsor,http://www.wikidata.org/entity/Q170294,"Prince Richard, Duke of Gloucester",female,https://en.wikipedia.org/wiki/Lady_Rose_Gilman
http://www.wikidata.org/entity/Q452039,"Prince Amedeo, 5th Duke of Aosta",http://www.wikidata.org/entity/Q169902,"Prince Aimone, 4th Duke of Aosta",male,"https://en.wikipedia.org/wiki/Prince_Amedeo,_Duke_of_Aosta_(1943%E2%80%932021)"
http://www.wikidata.org/entity/Q1091237,"David Armstrong-Jones, 2nd Earl of Snowdon",http://www.wikidata.org/entity/Q153815,"Princess Margaret, Countess of Snowdon",male,"https://en.wikipedia.org/wiki/David_Armstrong-Jones,_2nd_Earl_of_Snowdon"
http://www.wikidata.org/entity/Q4590782,Prince Nikola of Serbia,http://www.wikidata.org/entity/Q3424937,Princess Margarita of Baden,male,https://en.wikipedia.org/wiki/Prince_Nikola_of_Yugoslavia_(born_1958)
http://www.wikidata.org/entity/Q76249585,Maud Windsor,http://www.wikidata.org/entity/Q3735133,Lord Frederick Windsor,female,https://en.wikipedia.org/wiki/Maud_Windsor
http://www.wikidata.org/entity/Q12379343,Zenouska Mowatt,http://www.wikidata.org/entity/Q17429006,Paul Mowatt,female,https://en.wikipedia.org/wiki/Zenouska_Mowatt
http://www.wikidata.org/entity/Q4590782,Prince Nikola of Serbia,http://www.wikidata.org/entity/Q594386,Prince Tomislav of Yugoslavia,male,https://en.wikipedia.org/wiki/Prince_Nikola_of_Yugoslavia_(born_1958)
http://www.wikidata.org/entity/Q76306742,Isabella Windsor,http://www.wikidata.org/entity/Q3735133,Lord Frederick Windsor,female,https://en.wikipedia.org/wiki/Isabella_Windsor
http://www.wikidata.org/entity/Q16911051,Princess Katarina of Serbia,http://www.wikidata.org/entity/Q594386,Prince Tomislav of Yugoslavia,female,https://en.wikipedia.org/wiki/Princess_Katarina_of_Yugoslavia
http://www.wikidata.org/entity/Q12379343,Zenouska Mowatt,http://www.wikidata.org/entity/Q3312290,Marina Ogilvy,female,https://en.wikipedia.org/wiki/Zenouska_Mowatt
http://www.wikidata.org/entity/Q447757,Prince Christopher of Greece and Denmark,http://www.wikidata.org/entity/Q17142,George I of Greece,male,https://en.wikipedia.org/wiki/Prince_Christopher_of_Greece_and_Denmark
http://www.wikidata.org/entity/Q335129,"George Mountbatten, 2nd Marquess of Milford Haven",http://www.wikidata.org/entity/Q57468,Prince Louis of Battenberg,male,"https://en.wikipedia.org/wiki/George_Mountbatten,_2nd_Marquess_of_Milford_Haven"
http://www.wikidata.org/entity/Q3239518,Felipe de Marichalar y Borbón,http://www.wikidata.org/entity/Q54386,"Infanta Elena, Duchess of Lugo",male,https://en.wikipedia.org/wiki/Felipe_de_Marichalar_y_Borb%C3%B3n
http://www.wikidata.org/entity/Q3232562,Victoria de Marichalar y Borbón,http://www.wikidata.org/entity/Q54386,"Infanta Elena, Duchess of Lugo",female,https://en.wikipedia.org/wiki/Victoria_de_Marichalar_y_Borb%C3%B3n
http://www.wikidata.org/entity/Q75774742,Daisy Knatchbull,http://www.wikidata.org/entity/Q75716787,Atalanta Cowen,female,https://en.wikipedia.org/wiki/Daisy_Knatchbull
http://www.wikidata.org/entity/Q3232562,Victoria de Marichalar y Borbón,http://www.wikidata.org/entity/Q726890,Jaime de Marichalar,female,https://en.wikipedia.org/wiki/Victoria_de_Marichalar_y_Borb%C3%B3n
http://www.wikidata.org/entity/Q13590412,Prince George of Wales,http://www.wikidata.org/entity/Q10479,"Catherine, Princess of Wales",male,https://en.wikipedia.org/wiki/Prince_George_of_Wales
http://www.wikidata.org/entity/Q3239518,Felipe de Marichalar y Borbón,http://www.wikidata.org/entity/Q726890,Jaime de Marichalar,male,https://en.wikipedia.org/wiki/Felipe_de_Marichalar_y_Borb%C3%B3n
http://www.wikidata.org/entity/Q1758535,"Patrick Bowes-Lyon, 15th Earl of Strathmore and Kinghorne",http://www.wikidata.org/entity/Q335159,"Claude Bowes-Lyon, 14th Earl of Strathmore and Kinghorne",male,"https://en.wikipedia.org/wiki/Patrick_Bowes-Lyon,_15th_Earl_of_Strathmore_and_Kinghorne"
http://www.wikidata.org/entity/Q2871729,Princess Anne of Denmark,http://www.wikidata.org/entity/Q75411,John Bowes-Lyon,female,https://en.wikipedia.org/wiki/Anne_Bowes-Lyon
http://www.wikidata.org/entity/Q657778,Prince William of Gloucester,http://www.wikidata.org/entity/Q117174,"Prince Henry, Duke of Gloucester",male,https://en.wikipedia.org/wiki/Prince_William_of_Gloucester
http://www.wikidata.org/entity/Q4590751,Prince Nikola of Yugoslavia,http://www.wikidata.org/entity/Q313128,Prince Paul of Yugoslavia,male,https://en.wikipedia.org/wiki/Prince_Nikola_of_Yugoslavia
http://www.wikidata.org/entity/Q3312290,Marina Ogilvy,http://www.wikidata.org/entity/Q544609,Angus Ogilvy,female,https://en.wikipedia.org/wiki/Marina_Ogilvy
http://www.wikidata.org/entity/Q280856,George VI,http://www.wikidata.org/entity/Q269412,George V,male,https://en.wikipedia.org/wiki/George_VI
http://www.wikidata.org/entity/Q590227,Edward VIII,http://www.wikidata.org/entity/Q269412,George V,male,https://en.wikipedia.org/wiki/Edward_VIII
http://www.wikidata.org/entity/Q235438,Grand Duchess Maria Pavlovna of Russia,http://www.wikidata.org/entity/Q232728,Princess Alexandra of Greece and Denmark,female,https://en.wikipedia.org/wiki/Grand_Duchess_Maria_Pavlovna_of_Russia_(1890%E2%80%931958)
http://www.wikidata.org/entity/Q235432,Princess Olga of Greece and Denmark,http://www.wikidata.org/entity/Q232483,Grand Duchess Elena Vladimirovna of Russia,female,https://en.wikipedia.org/wiki/Princess_Olga_of_Greece_and_Denmark
http://www.wikidata.org/entity/Q1217757,Lord Nicholas Windsor,http://www.wikidata.org/entity/Q236678,"Katharine, Duchess of Kent",male,https://en.wikipedia.org/wiki/Lord_Nicholas_Windsor
http://www.wikidata.org/entity/Q847010,Infanta Sofía of Spain,http://www.wikidata.org/entity/Q191045,Felipe VI of Spain,female,https://en.wikipedia.org/wiki/Infanta_Sof%C3%ADa_of_Spain
http://www.wikidata.org/entity/Q5444165,Fergus Bowes-Lyon,http://www.wikidata.org/entity/Q335159,"Claude Bowes-Lyon, 14th Earl of Strathmore and Kinghorne",male,https://en.wikipedia.org/wiki/Fergus_Bowes-Lyon
http://www.wikidata.org/entity/Q75251053,Nerissa Bowes-Lyon,http://www.wikidata.org/entity/Q75411,John Bowes-Lyon,female,https://en.wikipedia.org/wiki/Nerissa_Bowes-Lyon
http://www.wikidata.org/entity/Q5231604,David Bowes-Lyon,http://www.wikidata.org/entity/Q335159,"Claude Bowes-Lyon, 14th Earl of Strathmore and Kinghorne",male,https://en.wikipedia.org/wiki/David_Bowes-Lyon
http://www.wikidata.org/entity/Q7367831,"Rose Leveson-Gower, Countess Granville",http://www.wikidata.org/entity/Q335159,"Claude Bowes-Lyon, 14th Earl of Strathmore and Kinghorne",female,"https://en.wikipedia.org/wiki/Rose_Leveson-Gower,_Countess_Granville"
http://www.wikidata.org/entity/Q75248488,Katherine Bowes-Lyon,http://www.wikidata.org/entity/Q75411,John Bowes-Lyon,female,https://en.wikipedia.org/wiki/Katherine_Bowes-Lyon
http://www.wikidata.org/entity/Q84795732,Jeanne Marie Langtry,http://www.wikidata.org/entity/Q57468,Prince Louis of Battenberg,female,https://en.wikipedia.org/wiki/Jeanne_Marie_Langtry
http://www.wikidata.org/entity/Q63806478,Michael Bowes-Lyon,http://www.wikidata.org/entity/Q335159,"Claude Bowes-Lyon, 14th Earl of Strathmore and Kinghorne",male,https://en.wikipedia.org/wiki/Michael_Bowes-Lyon_(British_Army_officer)
http://www.wikidata.org/entity/Q6779476,"Mary Elphinstone, Lady Elphinstone",http://www.wikidata.org/entity/Q335159,"Claude Bowes-Lyon, 14th Earl of Strathmore and Kinghorne",female,"https://en.wikipedia.org/wiki/Mary_Elphinstone,_Lady_Elphinstone"
http://www.wikidata.org/entity/Q214369,"Leonor, Princess of Asturias",http://www.wikidata.org/entity/Q191045,Felipe VI of Spain,female,"https://en.wikipedia.org/wiki/Leonor,_Princess_of_Asturias"
http://www.wikidata.org/entity/Q2467920,Prince Peter of Serbia,http://www.wikidata.org/entity/Q2312463,"Princess Maria da Glória, Duchess of Segorbe",male,https://en.wikipedia.org/wiki/Prince_Peter_of_Yugoslavia
http://www.wikidata.org/entity/Q2793486,Prince Constantine Alexios of Greece and Denmark,http://www.wikidata.org/entity/Q381700,"Pavlos, Crown Prince of Greece",male,https://en.wikipedia.org/wiki/Prince_Constantine-Alexios_of_Greece_and_Denmark
http://www.wikidata.org/entity/Q1753485,Nicholas de Roumanie,http://www.wikidata.org/entity/Q2423576,Princess Elena of Romania,male,https://en.wikipedia.org/wiki/Nicholas_Medforth-Mills
http://www.wikidata.org/entity/Q170184,Princess Marina of Greece and Denmark,http://www.wikidata.org/entity/Q232483,Grand Duchess Elena Vladimirovna of Russia,female,https://en.wikipedia.org/wiki/Princess_Marina_of_Greece_and_Denmark
http://www.wikidata.org/entity/Q3268142,"Philip, Hereditary Prince of Serbia",http://www.wikidata.org/entity/Q815126,"Alexander, Crown Prince of Serbia",male,"https://en.wikipedia.org/wiki/Philip,_Hereditary_Prince_of_Yugoslavia"
http://www.wikidata.org/entity/Q3736843,"Edward Windsor, Lord Downpatrick",http://www.wikidata.org/entity/Q1009513,"George Windsor, Earl of St Andrews",male,"https://en.wikipedia.org/wiki/Edward_Windsor,_Lord_Downpatrick"
http://www.wikidata.org/entity/Q3268153,Prince Alexander of Serbia,http://www.wikidata.org/entity/Q815126,"Alexander, Crown Prince of Serbia",male,https://en.wikipedia.org/wiki/Prince_Alexander_of_Yugoslavia_(born_1982)
http://www.wikidata.org/entity/Q3077944,Savannah Phillips,http://www.wikidata.org/entity/Q344908,Peter Phillips,female,https://en.wikipedia.org/wiki/Savannah_Phillips
http://www.wikidata.org/entity/Q75616658,Albert Windsor,http://www.wikidata.org/entity/Q1217757,Lord Nicholas Windsor,male,https://en.wikipedia.org/wiki/Albert_Windsor
http://www.wikidata.org/entity/Q76254812,Louis Windsor,http://www.wikidata.org/entity/Q1217757,Lord Nicholas Windsor,male,https://en.wikipedia.org/wiki/Louis_Windsor
http://www.wikidata.org/entity/Q4718803,"Alexander Elphinstone, 19th Lord Elphinstone",http://www.wikidata.org/entity/Q26215204,"James Elphinstone, 18th Lord Elphinstone",male,"https://en.wikipedia.org/wiki/Alexander_Elphinstone,_19th_Lord_Elphinstone"
http://www.wikidata.org/entity/Q76249585,Maud Windsor,http://www.wikidata.org/entity/Q2631078,Sophie Winkleman,female,https://en.wikipedia.org/wiki/Maud_Windsor
http://www.wikidata.org/entity/Q7562997,"Archduchess Sophie, Princess of Windisch-Graetz",http://www.wikidata.org/entity/Q12165601,Archduke Ferdinand of Austria,female,https://en.wikipedia.org/wiki/Sophie_Habsburg
http://www.wikidata.org/entity/Q663875,Margareta of Romania,http://www.wikidata.org/entity/Q563765,Queen Anne of Romania,female,https://en.wikipedia.org/wiki/Margareta_of_Romania
http://www.wikidata.org/entity/Q96731,"Prince Bernhard, Margrave of Baden",http://www.wikidata.org/entity/Q6425396,"Princess Valerie, Margravine of Baden",male,"https://en.wikipedia.org/wiki/Bernhard,_Margrave_of_Baden"
http://www.wikidata.org/entity/Q76306742,Isabella Windsor,http://www.wikidata.org/entity/Q2631078,Sophie Winkleman,female,https://en.wikipedia.org/wiki/Isabella_Windsor
http://www.wikidata.org/entity/Q75328030,Angelica Hicks,http://www.wikidata.org/entity/Q16195113,Ashley Hicks,female,https://en.wikipedia.org/wiki/Angelica_Hicks
http://www.wikidata.org/entity/Q16911051,Princess Katarina of Serbia,http://www.wikidata.org/entity/Q3424937,Princess Margarita of Baden,female,https://en.wikipedia.org/wiki/Princess_Katarina_of_Yugoslavia
http://www.wikidata.org/entity/Q18002970,Princess Charlotte of Wales,http://www.wikidata.org/entity/Q10479,"Catherine, Princess of Wales",female,https://en.wikipedia.org/wiki/Princess_Charlotte_of_Wales_(born_2015)
http://www.wikidata.org/entity/Q3741799,Flora Vesterberg,http://www.wikidata.org/entity/Q662282,James Ogilvy,female,https://en.wikipedia.org/wiki/Flora_Ogilvy
http://www.wikidata.org/entity/Q3743334,Marina Windsor,http://www.wikidata.org/entity/Q1009513,"George Windsor, Earl of St Andrews",female,https://en.wikipedia.org/wiki/Lady_Marina_Windsor
http://www.wikidata.org/entity/Q3743378,Amelia Windsor,http://www.wikidata.org/entity/Q1009513,"George Windsor, Earl of St Andrews",female,https://en.wikipedia.org/wiki/Lady_Amelia_Windsor
http://www.wikidata.org/entity/Q11341012,Princess Maria-Olympia of Greece and Denmark,http://www.wikidata.org/entity/Q381700,"Pavlos, Crown Prince of Greece",female,https://en.wikipedia.org/wiki/Princess_Maria-Olympia_of_Greece_and_Denmark
http://www.wikidata.org/entity/Q2354262,Princess Johanna of Hesse and by Rhine,http://www.wikidata.org/entity/Q236196,Princess Cecilie of Greece and Denmark,female,https://en.wikipedia.org/wiki/Princess_Johanna_of_Hesse_and_by_Rhine
http://www.wikidata.org/entity/Q2242035,Prince Alexander of Serbia,http://www.wikidata.org/entity/Q235432,Princess Olga of Greece and Denmark,male,https://en.wikipedia.org/wiki/Prince_Alexander_of_Yugoslavia_(1924%E2%80%932016)
http://www.wikidata.org/entity/Q2354262,Princess Johanna of Hesse and by Rhine,http://www.wikidata.org/entity/Q1894917,"Princess Margaret, Hereditary Grand Duchess of Hesse and by Rhine",female,https://en.wikipedia.org/wiki/Princess_Johanna_of_Hesse_and_by_Rhine
http://www.wikidata.org/entity/Q601229,Prince Peter of Greece and Denmark,http://www.wikidata.org/entity/Q115472,Marie Bonaparte,male,https://en.wikipedia.org/wiki/Prince_Peter_of_Greece_and_Denmark
http://www.wikidata.org/entity/Q433753,Princess Xenia Georgievna of Russia,http://www.wikidata.org/entity/Q232732,Princess Maria of Greece and Denmark,female,https://en.wikipedia.org/wiki/Princess_Xenia_Georgievna_of_Russia
http://www.wikidata.org/entity/Q62938826,Prince Archie of Sussex,http://www.wikidata.org/entity/Q152316,"Prince Harry, Duke of Sussex",male,https://en.wikipedia.org/wiki/Prince_Archie_of_Sussex
http://www.wikidata.org/entity/Q724825,Prince Michael of Greece and Denmark,http://www.wikidata.org/entity/Q577228,Princess Françoise of Orléans,male,https://en.wikipedia.org/wiki/Prince_Michael_of_Greece_and_Denmark
http://www.wikidata.org/entity/Q898347,Nina Georgievna of Russia,http://www.wikidata.org/entity/Q232732,Princess Maria of Greece and Denmark,female,https://en.wikipedia.org/wiki/Princess_Nina_Georgievna_of_Russia
http://www.wikidata.org/entity/Q2423576,Princess Elena of Romania,http://www.wikidata.org/entity/Q563765,Queen Anne of Romania,female,https://en.wikipedia.org/wiki/Princess_Elena_of_Romania
http://www.wikidata.org/entity/Q3736601,Arthur Chatto,http://www.wikidata.org/entity/Q1040807,Lady Sarah Chatto,male,https://en.wikipedia.org/wiki/Arthur_Chatto
http://www.wikidata.org/entity/Q28536747,Mia Tindall,http://www.wikidata.org/entity/Q147663,Zara Tindall,female,https://en.wikipedia.org/wiki/Mia_Tindall
http://www.wikidata.org/entity/Q3268142,"Philip, Hereditary Prince of Serbia",http://www.wikidata.org/entity/Q2312463,"Princess Maria da Glória, Duchess of Segorbe",male,"https://en.wikipedia.org/wiki/Philip,_Hereditary_Prince_of_Yugoslavia"
http://www.wikidata.org/entity/Q3232528,Irene Urdangarin y de Borbón,http://www.wikidata.org/entity/Q356560,Iñaki Urdangarin,female,"https://en.wikipedia.org/wiki/Irene_Urdangarin_y_Borb%C3%B3n,_Grandee_of_Spain"
http://www.wikidata.org/entity/Q3736843,"Edward Windsor, Lord Downpatrick",http://www.wikidata.org/entity/Q763241,"Sylvana Windsor, Countess of St Andrews",male,"https://en.wikipedia.org/wiki/Edward_Windsor,_Lord_Downpatrick"
http://www.wikidata.org/entity/Q3741799,Flora Vesterberg,http://www.wikidata.org/entity/Q15956270,Julia Ogilvy,female,https://en.wikipedia.org/wiki/Flora_Ogilvy
http://www.wikidata.org/entity/Q3743334,Marina Windsor,http://www.wikidata.org/entity/Q763241,"Sylvana Windsor, Countess of St Andrews",female,https://en.wikipedia.org/wiki/Lady_Marina_Windsor
http://www.wikidata.org/entity/Q3743378,Amelia Windsor,http://www.wikidata.org/entity/Q763241,"Sylvana Windsor, Countess of St Andrews",female,https://en.wikipedia.org/wiki/Lady_Amelia_Windsor
http://www.wikidata.org/entity/Q1468375,Princess Sophie of Romania,http://www.wikidata.org/entity/Q563765,Queen Anne of Romania,female,https://en.wikipedia.org/wiki/Princess_Sophie_of_Romania
http://www.wikidata.org/entity/Q1212263,Princess Maria of Romania,http://www.wikidata.org/entity/Q563765,Queen Anne of Romania,female,https://en.wikipedia.org/wiki/Princess_Maria_of_Romania_(born_1964)
http://www.wikidata.org/entity/Q38668629,Prince Louis of Wales,http://www.wikidata.org/entity/Q10479,"Catherine, Princess of Wales",male,https://en.wikipedia.org/wiki/Prince_Louis_of_Wales
http://www.wikidata.org/entity/Q5921597,Isla Phillips,http://www.wikidata.org/entity/Q344908,Peter Phillips,female,https://en.wikipedia.org/wiki/Isla_Phillips
http://www.wikidata.org/entity/Q76254812,Louis Windsor,http://www.wikidata.org/entity/Q6350285,Lady Paola Windsor,male,https://en.wikipedia.org/wiki/Louis_Windsor
http://www.wikidata.org/entity/Q75616658,Albert Windsor,http://www.wikidata.org/entity/Q6350285,Lady Paola Windsor,male,https://en.wikipedia.org/wiki/Albert_Windsor
http://www.wikidata.org/entity/Q11341012,Princess Maria-Olympia of Greece and Denmark,http://www.wikidata.org/entity/Q243049,"Marie-Chantal, Crown Princess of Greece",female,https://en.wikipedia.org/wiki/Princess_Maria-Olympia_of_Greece_and_Denmark
http://www.wikidata.org/entity/Q11282796,Prince Achileas-Andreas of Denmark,http://www.wikidata.org/entity/Q381700,"Pavlos, Crown Prince of Greece",male,https://en.wikipedia.org/wiki/Prince_Achileas-Andreas_of_Greece_and_Denmark
http://www.wikidata.org/entity/Q63676181,Lena Tindall,http://www.wikidata.org/entity/Q147663,Zara Tindall,female,https://en.wikipedia.org/wiki/Lena_Tindall
http://www.wikidata.org/entity/Q106153177,Lucas Tindall,http://www.wikidata.org/entity/Q147663,Zara Tindall,male,https://en.wikipedia.org/wiki/Lucas_Tindall
http://www.wikidata.org/entity/Q214369,"Leonor, Princess of Asturias",http://www.wikidata.org/entity/Q201589,Queen Letizia of Spain,female,"https://en.wikipedia.org/wiki/Leonor,_Princess_of_Asturias"
http://www.wikidata.org/entity/Q119133052,Ernest Brooksbank,http://www.wikidata.org/entity/Q57401350,Jack Brooksbank,male,https://en.wikipedia.org/wiki/Ernest_Brooksbank
http://www.wikidata.org/entity/Q131934987,Q131934987,http://www.wikidata.org/entity/Q68688016,Edoardo Mapelli Mozzi,female,https://en.wikipedia.org/wiki/Athena_Mapelli_Mozzi
http://www.wikidata.org/entity/Q108703114,Sienna Mapelli Mozzi,http://www.wikidata.org/entity/Q68688016,Edoardo Mapelli Mozzi,female,https://en.wikipedia.org/wiki/Sienna_Mapelli_Mozzi
http://www.wikidata.org/entity/Q3268153,Prince Alexander of Serbia,http://www.wikidata.org/entity/Q2312463,"Princess Maria da Glória, Duchess of Segorbe",male,https://en.wikipedia.org/wiki/Prince_Alexander_of_Yugoslavia_(born_1982)
http://www.wikidata.org/entity/Q847010,Infanta Sofía of Spain,http://www.wikidata.org/entity/Q201589,Queen Letizia of Spain,female,https://en.wikipedia.org/wiki/Infanta_Sof%C3%ADa_of_Spain
http://www.wikidata.org/entity/Q3268202,Lady Pamela Hicks,http://www.wikidata.org/entity/Q271995,"Edwina Mountbatten, Countess Mountbatten of Burma",female,https://en.wikipedia.org/wiki/Lady_Pamela_Hicks
http://www.wikidata.org/entity/Q3991503,Timothy Bowes-Lyon,http://www.wikidata.org/entity/Q75240055,Dorothy Osborne,male,"https://en.wikipedia.org/wiki/Timothy_Bowes-Lyon,_16th_Earl_of_Strathmore_and_Kinghorne"
http://www.wikidata.org/entity/Q6231704,"John Elphinstone, 17th Lord Elphinstone",http://www.wikidata.org/entity/Q6779476,"Mary Elphinstone, Lady Elphinstone",male,"https://en.wikipedia.org/wiki/John_Elphinstone,_17th_Lord_Elphinstone"
http://www.wikidata.org/entity/Q3856119,"Fergus Bowes-Lyon, 17th Earl of Strathmore and Kinghorne",http://www.wikidata.org/entity/Q75240065,Elizabeth Cator,male,"https://en.wikipedia.org/wiki/Fergus_Bowes-Lyon,_17th_Earl_of_Strathmore_and_Kinghorne"
http://www.wikidata.org/entity/Q2962982,Gerald David Lascelles,http://www.wikidata.org/entity/Q233913,"Mary, Princess Royal and Countess of Harewood",male,https://en.wikipedia.org/wiki/Gerald_David_Lascelles
http://www.wikidata.org/entity/Q6759834,Margaret Rhodes,http://www.wikidata.org/entity/Q6779476,"Mary Elphinstone, Lady Elphinstone",female,https://en.wikipedia.org/wiki/Margaret_Rhodes
http://www.wikidata.org/entity/Q336609,"George Lascelles, 7th Earl of Harewood",http://www.wikidata.org/entity/Q233913,"Mary, Princess Royal and Countess of Harewood",male,"https://en.wikipedia.org/wiki/George_Lascelles,_7th_Earl_of_Harewood"
http://www.wikidata.org/entity/Q619788,"David Lascelles, 8th Earl of Harewood",http://www.wikidata.org/entity/Q2010206,Marion Stein,male,"https://en.wikipedia.org/wiki/David_Lascelles,_8th_Earl_of_Harewood"
http://www.wikidata.org/entity/Q1913939,"Prince Maximilian, Margrave of Baden",http://www.wikidata.org/entity/Q255382,Princess Theodora of Greece and Denmark,male,"https://en.wikipedia.org/wiki/Maximilian,_Margrave_of_Baden"
http://www.wikidata.org/entity/Q372954,Grand Duke Dmitri Pavlovich of Russia,http://www.wikidata.org/entity/Q232728,Princess Alexandra of Greece and Denmark,male,https://en.wikipedia.org/wiki/Grand_Duke_Dmitri_Pavlovich_of_Russia
http://www.wikidata.org/entity/Q336691,"Patricia Knatchbull, 2nd Countess Mountbatten of Burma",http://www.wikidata.org/entity/Q271995,"Edwina Mountbatten, Countess Mountbatten of Burma",female,"https://en.wikipedia.org/wiki/Patricia_Knatchbull,_2nd_Countess_Mountbatten_of_Burma"
http://www.wikidata.org/entity/Q2379307,Princess Eugénie of Greece and Denmark,http://www.wikidata.org/entity/Q115472,Marie Bonaparte,female,https://en.wikipedia.org/wiki/Princess_Eug%C3%A9nie_of_Greece_and_Denmark
http://www.wikidata.org/entity/Q2752971,"David Mountbatten, 3rd Marquess of Milford Haven",http://www.wikidata.org/entity/Q259488,"Nadejda Mountbatten, Marchioness of Milford Haven",male,"https://en.wikipedia.org/wiki/David_Mountbatten,_3rd_Marquess_of_Milford_Haven"
http://www.wikidata.org/entity/Q2414886,Lady Margarita Armstrong-Jones,http://www.wikidata.org/entity/Q4493736,"Serena Armstrong-Jones, Countess of Snowdon",female,https://en.wikipedia.org/wiki/Lady_Margarita_Armstrong-Jones
http://www.wikidata.org/entity/Q1781299,Prince Dimitri Karađorđević,http://www.wikidata.org/entity/Q922418,Princess Maria Pia of Savoy,male,https://en.wikipedia.org/wiki/Prince_Dimitri_of_Yugoslavia
http://www.wikidata.org/entity/Q11324270,Nicholas Knatchbull,http://www.wikidata.org/entity/Q30323763,"Penelope Knatchbull, Countess Mountbatten of Burma",male,https://en.wikipedia.org/wiki/Nicholas_Knatchbull_(born_1981)
http://www.wikidata.org/entity/Q4718803,"Alexander Elphinstone, 19th Lord Elphinstone",http://www.wikidata.org/entity/Q75261337,Willa Chetwode,male,"https://en.wikipedia.org/wiki/Alexander_Elphinstone,_19th_Lord_Elphinstone"
http://www.wikidata.org/entity/Q4720674,Alexandra Hooper,http://www.wikidata.org/entity/Q30323763,"Penelope Knatchbull, Countess Mountbatten of Burma",female,https://en.wikipedia.org/wiki/Alexandra_Hooper
http://www.wikidata.org/entity/Q6658829,Princess Irina of Romania,http://www.wikidata.org/entity/Q563765,Queen Anne of Romania,female,https://en.wikipedia.org/wiki/Princess_Irina_of_Romania
http://www.wikidata.org/entity/Q4381222,Samuel Chatto,http://www.wikidata.org/entity/Q1040807,Lady Sarah Chatto,male,https://en.wikipedia.org/wiki/Samuel_Chatto
http://www.wikidata.org/entity/Q13590412,Prince George of Wales,http://www.wikidata.org/entity/Q36812,"William, Prince of Wales",male,https://en.wikipedia.org/wiki/Prince_George_of_Wales
http://www.wikidata.org/entity/Q2502204,"Princess Olga, Duchess of Aosta",http://www.wikidata.org/entity/Q2623984,Marina Karella,female,https://en.wikipedia.org/wiki/Princess_Olga_of_Savoy-Aosta
http://www.wikidata.org/entity/Q1948021,"Norton Knatchbull, 3rd Earl Mountbatten of Burma",http://www.wikidata.org/entity/Q336691,"Patricia Knatchbull, 2nd Countess Mountbatten of Burma",male,"https://en.wikipedia.org/wiki/Norton_Knatchbull,_3rd_Earl_Mountbatten_of_Burma"
http://www.wikidata.org/entity/Q2464604,Prince Karl of Hesse,http://www.wikidata.org/entity/Q630371,Princess Sophie of Greece and Denmark,male,https://en.wikipedia.org/wiki/Prince_Karl_of_Hesse
http://www.wikidata.org/entity/Q2038298,James Lascelles,http://www.wikidata.org/entity/Q2010206,Marion Stein,male,https://en.wikipedia.org/wiki/James_Lascelles
http://www.wikidata.org/entity/Q487309,Paul Ilyinsky,http://www.wikidata.org/entity/Q372954,Grand Duke Dmitri Pavlovich of Russia,male,https://en.wikipedia.org/wiki/Paul_Ilyinsky
http://www.wikidata.org/entity/Q619788,"David Lascelles, 8th Earl of Harewood",http://www.wikidata.org/entity/Q336609,"George Lascelles, 7th Earl of Harewood",male,"https://en.wikipedia.org/wiki/David_Lascelles,_8th_Earl_of_Harewood"
http://www.wikidata.org/entity/Q75384169,Princess Beatrix of Hohenlohe-Langenburg,http://www.wikidata.org/entity/Q240317,Princess Margarita of Greece and Denmark,female,https://en.wikipedia.org/wiki/Princess_Beatrix_of_Hohenlohe-Langenburg
http://www.wikidata.org/entity/Q75426,Lady Gabriella Windsor,http://www.wikidata.org/entity/Q313752,Prince Michael of Kent,female,https://en.wikipedia.org/wiki/Lady_Gabriella_Kingston
http://www.wikidata.org/entity/Q18002970,Princess Charlotte of Wales,http://www.wikidata.org/entity/Q36812,"William, Prince of Wales",female,https://en.wikipedia.org/wiki/Princess_Charlotte_of_Wales_(born_2015)
http://www.wikidata.org/entity/Q3735133,Lord Frederick Windsor,http://www.wikidata.org/entity/Q93535,"Marie Christine, Princess Michael of Kent",male,https://en.wikipedia.org/wiki/Lord_Frederick_Windsor
http://www.wikidata.org/entity/Q3424937,Princess Margarita of Baden,http://www.wikidata.org/entity/Q255382,Princess Theodora of Greece and Denmark,female,https://en.wikipedia.org/wiki/Princess_Margarita_of_Baden
http://www.wikidata.org/entity/Q1913939,"Prince Maximilian, Margrave of Baden",http://www.wikidata.org/entity/Q62602,"Prince Berthold, Margrave of Baden",male,"https://en.wikipedia.org/wiki/Maximilian,_Margrave_of_Baden"
http://www.wikidata.org/entity/Q75383946,Timothy Knatchbull,http://www.wikidata.org/entity/Q336691,"Patricia Knatchbull, 2nd Countess Mountbatten of Burma",male,https://en.wikipedia.org/wiki/Timothy_Knatchbull
http://www.wikidata.org/entity/Q75383948,Nicholas Knatchbull,http://www.wikidata.org/entity/Q336691,"Patricia Knatchbull, 2nd Countess Mountbatten of Burma",male,https://en.wikipedia.org/wiki/Nicholas_Knatchbull
http://www.wikidata.org/entity/Q6530298,Princess Christina Margarethe of Hesse,http://www.wikidata.org/entity/Q630371,Princess Sophie of Greece and Denmark,female,https://en.wikipedia.org/wiki/Princess_Christina_of_Hesse
http://www.wikidata.org/entity/Q4494086,Jeremy Lascelles,http://www.wikidata.org/entity/Q2010206,Marion Stein,male,https://en.wikipedia.org/wiki/Jeremy_Lascelles
http://www.wikidata.org/entity/Q6469925,Amanda Ellingworth,http://www.wikidata.org/entity/Q336691,"Patricia Knatchbull, 2nd Countess Mountbatten of Burma",female,https://en.wikipedia.org/wiki/Lady_Amanda_Ellingworth
http://www.wikidata.org/entity/Q75486738,Carlos Morales y de Grecia,http://www.wikidata.org/entity/Q5066498,Carlos Morales Quintana,male,https://en.wikipedia.org/wiki/Carlos_Morales_de_Grecia
http://www.wikidata.org/entity/Q105597990,August Brooksbank,http://www.wikidata.org/entity/Q57401350,Jack Brooksbank,male,https://en.wikipedia.org/wiki/August_Brooksbank
http://www.wikidata.org/entity/Q106153177,Lucas Tindall,http://www.wikidata.org/entity/Q1386944,Mike Tindall,male,https://en.wikipedia.org/wiki/Lucas_Tindall
http://www.wikidata.org/entity/Q75662169,Amelia Morales y de Grecia,http://www.wikidata.org/entity/Q5066498,Carlos Morales Quintana,female,https://en.wikipedia.org/wiki/Amelia_Morales_y_de_Grecia
http://www.wikidata.org/entity/Q28536747,Mia Tindall,http://www.wikidata.org/entity/Q1386944,Mike Tindall,female,https://en.wikipedia.org/wiki/Mia_Tindall
http://www.wikidata.org/entity/Q75383946,Timothy Knatchbull,http://www.wikidata.org/entity/Q332969,"John Knatchbull, 7th Baron Brabourne",male,https://en.wikipedia.org/wiki/Timothy_Knatchbull
http://www.wikidata.org/entity/Q75384169,Princess Beatrix of Hohenlohe-Langenburg,http://www.wikidata.org/entity/Q66546,"Gottfried, 8th Prince of Hohenlohe-Langenburg",female,https://en.wikipedia.org/wiki/Princess_Beatrix_of_Hohenlohe-Langenburg
http://www.wikidata.org/entity/Q75383948,Nicholas Knatchbull,http://www.wikidata.org/entity/Q332969,"John Knatchbull, 7th Baron Brabourne",male,https://en.wikipedia.org/wiki/Nicholas_Knatchbull
http://www.wikidata.org/entity/Q6530298,Princess Christina Margarethe of Hesse,http://www.wikidata.org/entity/Q2314771,Prince Christoph of Hesse-Kassel,female,https://en.wikipedia.org/wiki/Princess_Christina_of_Hesse
http://www.wikidata.org/entity/Q246026,"Patrick Anson, 5th Earl of Lichfield",http://www.wikidata.org/entity/Q75390868,"Thomas Anson, Viscount Anson",male,"https://en.wikipedia.org/wiki/Patrick_Anson,_5th_Earl_of_Lichfield"
http://www.wikidata.org/entity/Q38668629,Prince Louis of Wales,http://www.wikidata.org/entity/Q36812,"William, Prince of Wales",male,https://en.wikipedia.org/wiki/Prince_Louis_of_Wales
http://www.wikidata.org/entity/Q2038298,James Lascelles,http://www.wikidata.org/entity/Q336609,"George Lascelles, 7th Earl of Harewood",male,https://en.wikipedia.org/wiki/James_Lascelles
http://www.wikidata.org/entity/Q2502204,"Princess Olga, Duchess of Aosta",http://www.wikidata.org/entity/Q724825,Prince Michael of Greece and Denmark,female,https://en.wikipedia.org/wiki/Princess_Olga_of_Savoy-Aosta
http://www.wikidata.org/entity/Q3424937,Princess Margarita of Baden,http://www.wikidata.org/entity/Q62602,"Prince Berthold, Margrave of Baden",female,https://en.wikipedia.org/wiki/Princess_Margarita_of_Baden
http://www.wikidata.org/entity/Q1948021,"Norton Knatchbull, 3rd Earl Mountbatten of Burma",http://www.wikidata.org/entity/Q332969,"John Knatchbull, 7th Baron Brabourne",male,"https://en.wikipedia.org/wiki/Norton_Knatchbull,_3rd_Earl_Mountbatten_of_Burma"
http://www.wikidata.org/entity/Q2464604,Prince Karl of Hesse,http://www.wikidata.org/entity/Q2314771,Prince Christoph of Hesse-Kassel,male,https://en.wikipedia.org/wiki/Prince_Karl_of_Hesse
http://www.wikidata.org/entity/Q107125551,Princess Lilibet of Sussex,http://www.wikidata.org/entity/Q152316,"Prince Harry, Duke of Sussex",female,https://en.wikipedia.org/wiki/Princess_Lilibet_of_Sussex
http://www.wikidata.org/entity/Q75248480,Mary Colman,http://www.wikidata.org/entity/Q75240065,Elizabeth Cator,female,https://en.wikipedia.org/wiki/Lady_Mary_Colman
http://www.wikidata.org/entity/Q25998958,"Granville Leveson-Gower, 5th Earl Granville",http://www.wikidata.org/entity/Q7367831,"Rose Leveson-Gower, Countess Granville",male,"https://en.wikipedia.org/wiki/Granville_Leveson-Gower,_5th_Earl_Granville"
http://www.wikidata.org/entity/Q487309,Paul Ilyinsky,http://www.wikidata.org/entity/Q450692,Audrey Emery,male,https://en.wikipedia.org/wiki/Paul_Ilyinsky
http://www.wikidata.org/entity/Q75248478,Albemarle Bowes-Lyon,http://www.wikidata.org/entity/Q75240065,Elizabeth Cator,male,https://en.wikipedia.org/wiki/Albemarle_Bowes-Lyon
http://www.wikidata.org/entity/Q16018831,Mary Malcolm,http://www.wikidata.org/entity/Q84795732,Jeanne Marie Langtry,female,https://en.wikipedia.org/wiki/Mary_Malcolm
http://www.wikidata.org/entity/Q11801765,Simon Bowes-Lyon,http://www.wikidata.org/entity/Q75240077,Rachel Spender-Clay,male,https://en.wikipedia.org/wiki/Simon_Bowes-Lyon
http://www.wikidata.org/entity/Q75426,Lady Gabriella Windsor,http://www.wikidata.org/entity/Q93535,"Marie Christine, Princess Michael of Kent",female,https://en.wikipedia.org/wiki/Lady_Gabriella_Kingston
http://www.wikidata.org/entity/Q1699743,"John Dalrymple, 14th Earl of Stair",http://www.wikidata.org/entity/Q75253177,Davina Bowes-Lyon,male,"https://en.wikipedia.org/wiki/John_Dalrymple,_14th_Earl_of_Stair"
http://www.wikidata.org/entity/Q336783,"George Mountbatten, 4th Marquess of Milford Haven",http://www.wikidata.org/entity/Q75383906,Janet Bryce,male,"https://en.wikipedia.org/wiki/George_Mountbatten,_4th_Marquess_of_Milford_Haven"
http://www.wikidata.org/entity/Q335615,"Michael Bowes-Lyon, 18th Earl of Strathmore and Kinghorne",http://www.wikidata.org/entity/Q75240080,Mary McCorquodale,male,"https://en.wikipedia.org/wiki/Michael_Bowes-Lyon,_18th_Earl_of_Strathmore_and_Kinghorne"
http://www.wikidata.org/entity/Q246026,"Patrick Anson, 5th Earl of Lichfield",http://www.wikidata.org/entity/Q2871729,Princess Anne of Denmark,male,"https://en.wikipedia.org/wiki/Patrick_Anson,_5th_Earl_of_Lichfield"
http://www.wikidata.org/entity/Q6469925,Amanda Ellingworth,http://www.wikidata.org/entity/Q332969,"John Knatchbull, 7th Baron Brabourne",female,https://en.wikipedia.org/wiki/Lady_Amanda_Ellingworth
http://www.wikidata.org/entity/Q3735133,Lord Frederick Windsor,http://www.wikidata.org/entity/Q313752,Prince Michael of Kent,male,https://en.wikipedia.org/wiki/Lord_Frederick_Windsor
http://www.wikidata.org/entity/Q4494086,Jeremy Lascelles,http://www.wikidata.org/entity/Q336609,"George Lascelles, 7th Earl of Harewood",male,https://en.wikipedia.org/wiki/Jeremy_Lascelles
http://www.wikidata.org/entity/Q5921597,Isla Phillips,http://www.wikidata.org/entity/Q455160,Autumn Phillips,female,https://en.wikipedia.org/wiki/Isla_Phillips
http://www.wikidata.org/entity/Q62938826,Prince Archie of Sussex,http://www.wikidata.org/entity/Q3304418,"Meghan, Duchess of Sussex",male,https://en.wikipedia.org/wiki/Prince_Archie_of_Sussex
http://www.wikidata.org/entity/Q11282796,Prince Achileas-Andreas of Denmark,http://www.wikidata.org/entity/Q243049,"Marie-Chantal, Crown Princess of Greece",male,https://en.wikipedia.org/wiki/Prince_Achileas-Andreas_of_Greece_and_Denmark
http://www.wikidata.org/entity/Q63676181,Lena Tindall,http://www.wikidata.org/entity/Q1386944,Mike Tindall,female,https://en.wikipedia.org/wiki/Lena_Tindall
http://www.wikidata.org/entity/Q2467920,Prince Peter of Serbia,http://www.wikidata.org/entity/Q815126,"Alexander, Crown Prince of Serbia",male,https://en.wikipedia.org/wiki/Prince_Peter_of_Yugoslavia
http://www.wikidata.org/entity/Q1753485,Nicholas de Roumanie,http://www.wikidata.org/entity/Q7352653,Robin Medforth-Mills,male,https://en.wikipedia.org/wiki/Nicholas_Medforth-Mills
http://www.wikidata.org/entity/Q26215204,"James Elphinstone, 18th Lord Elphinstone",http://www.wikidata.org/entity/Q54162487,Jean Frances Hambro,male,"https://en.wikipedia.org/wiki/James_Elphinstone,_18th_Lord_Elphinstone"
http://www.wikidata.org/entity/Q21548582,"Granville Leveson-Gower, 6th Earl Granville",http://www.wikidata.org/entity/Q75348152,Doon Aileen Plunket,male,"https://en.wikipedia.org/wiki/Fergus_Leveson-Gower,_6th_Earl_Granville"
http://www.wikidata.org/entity/Q36812,"William, Prince of Wales",http://www.wikidata.org/entity/Q9685,"Diana, Princess of Wales",male,"https://en.wikipedia.org/wiki/William,_Prince_of_Wales"
http://www.wikidata.org/entity/Q16195113,Ashley Hicks,http://www.wikidata.org/entity/Q3268202,Lady Pamela Hicks,male,https://en.wikipedia.org/wiki/Ashley_Hicks
http://www.wikidata.org/entity/Q75332807,Lady Elizabeth Shakerley,http://www.wikidata.org/entity/Q2871729,Princess Anne of Denmark,female,https://en.wikipedia.org/wiki/Lady_Elizabeth_Shakerley
http://www.wikidata.org/entity/Q63205821,Tatiana Radziwiłł,http://www.wikidata.org/entity/Q2379307,Princess Eugénie of Greece and Denmark,female,https://en.wikipedia.org/wiki/Tatiana_Radziwi%C5%82%C5%82
http://www.wikidata.org/entity/Q2793486,Prince Constantine Alexios of Greece and Denmark,http://www.wikidata.org/entity/Q243049,"Marie-Chantal, Crown Princess of Greece",male,https://en.wikipedia.org/wiki/Prince_Constantine-Alexios_of_Greece_and_Denmark
http://www.wikidata.org/entity/Q3077944,Savannah Phillips,http://www.wikidata.org/entity/Q455160,Autumn Phillips,female,https://en.wikipedia.org/wiki/Savannah_Phillips
http://www.wikidata.org/entity/Q1699743,"John Dalrymple, 14th Earl of Stair",http://www.wikidata.org/entity/Q6228439,"John Dalrymple, 13th Earl of Stair",male,"https://en.wikipedia.org/wiki/John_Dalrymple,_14th_Earl_of_Stair"
http://www.wikidata.org/entity/Q1936171,India Hicks,http://www.wikidata.org/entity/Q5238032,David Nightingale Hicks,female,https://en.wikipedia.org/wiki/India_Hicks
http://www.wikidata.org/entity/Q2621015,David Chavchavadze,http://www.wikidata.org/entity/Q16028068,Paul Chavchavadze,male,https://en.wikipedia.org/wiki/David_Chavchavadze
http://www.wikidata.org/entity/Q336783,"George Mountbatten, 4th Marquess of Milford Haven",http://www.wikidata.org/entity/Q2752971,"David Mountbatten, 3rd Marquess of Milford Haven",male,"https://en.wikipedia.org/wiki/George_Mountbatten,_4th_Marquess_of_Milford_Haven"
http://www.wikidata.org/entity/Q335615,"Michael Bowes-Lyon, 18th Earl of Strathmore and Kinghorne",http://www.wikidata.org/entity/Q3856119,"Fergus Bowes-Lyon, 17th Earl of Strathmore and Kinghorne",male,"https://en.wikipedia.org/wiki/Michael_Bowes-Lyon,_18th_Earl_of_Strathmore_and_Kinghorne"
http://www.wikidata.org/entity/Q3232528,Irene Urdangarin y de Borbón,http://www.wikidata.org/entity/Q230580,Infanta Cristina of Spain,female,"https://en.wikipedia.org/wiki/Irene_Urdangarin_y_Borb%C3%B3n,_Grandee_of_Spain"
http://www.wikidata.org/entity/Q13091129,Princess Alexandra of Greece,http://www.wikidata.org/entity/Q2623984,Marina Karella,female,https://en.wikipedia.org/wiki/Princess_Alexandra_of_Greece_(born_1968)
http://www.wikidata.org/entity/Q6679418,Lord Ivar Mountbatten,http://www.wikidata.org/entity/Q75383906,Janet Bryce,male,https://en.wikipedia.org/wiki/Lord_Ivar_Mountbatten
http://www.wikidata.org/entity/Q7422845,Sarah Troughton,http://www.wikidata.org/entity/Q75248480,Mary Colman,female,https://en.wikipedia.org/wiki/Sarah_Troughton
http://www.wikidata.org/entity/Q2621015,David Chavchavadze,http://www.wikidata.org/entity/Q898347,Nina Georgievna of Russia,male,https://en.wikipedia.org/wiki/David_Chavchavadze
http://www.wikidata.org/entity/Q5041442,"Prince Carlo Alessandro, 3rd Duke of Castel Duino",http://www.wikidata.org/entity/Q2379307,Princess Eugénie of Greece and Denmark,male,"https://en.wikipedia.org/wiki/Carlo_Alessandro,_3rd_Duke_of_Castel_Duino"
http://www.wikidata.org/entity/Q1936171,India Hicks,http://www.wikidata.org/entity/Q3268202,Lady Pamela Hicks,female,https://en.wikipedia.org/wiki/India_Hicks
http://www.wikidata.org/entity/Q63205821,Tatiana Radziwiłł,http://www.wikidata.org/entity/Q3035416,Prince Dominik Rainer Radziwiłł,female,https://en.wikipedia.org/wiki/Tatiana_Radziwi%C5%82%C5%82
http://www.wikidata.org/entity/Q21548582,"Granville Leveson-Gower, 6th Earl Granville",http://www.wikidata.org/entity/Q25998958,"Granville Leveson-Gower, 5th Earl Granville",male,"https://en.wikipedia.org/wiki/Fergus_Leveson-Gower,_6th_Earl_Granville"
http://www.wikidata.org/entity/Q13091129,Princess Alexandra of Greece,http://www.wikidata.org/entity/Q724825,Prince Michael of Greece and Denmark,female,https://en.wikipedia.org/wiki/Princess_Alexandra_of_Greece_(born_1968)
http://www.wikidata.org/entity/Q16195113,Ashley Hicks,http://www.wikidata.org/entity/Q5238032,David Nightingale Hicks,male,https://en.wikipedia.org/wiki/Ashley_Hicks
http://www.wikidata.org/entity/Q26215204,"James Elphinstone, 18th Lord Elphinstone",http://www.wikidata.org/entity/Q54164320,Andrew Elphinstone,male,"https://en.wikipedia.org/wiki/James_Elphinstone,_18th_Lord_Elphinstone"
http://www.wikidata.org/entity/Q75332807,Lady Elizabeth Shakerley,http://www.wikidata.org/entity/Q75390868,"Thomas Anson, Viscount Anson",female,https://en.wikipedia.org/wiki/Lady_Elizabeth_Shakerley
http://www.wikidata.org/entity/Q6679418,Lord Ivar Mountbatten,http://www.wikidata.org/entity/Q2752971,"David Mountbatten, 3rd Marquess of Milford Haven",male,https://en.wikipedia.org/wiki/Lord_Ivar_Mountbatten
http://www.wikidata.org/entity/Q7422845,Sarah Troughton,http://www.wikidata.org/entity/Q7807119,Timothy Colman,female,https://en.wikipedia.org/wiki/Sarah_Troughton
http://www.wikidata.org/entity/Q5041442,"Prince Carlo Alessandro, 3rd Duke of Castel Duino",http://www.wikidata.org/entity/Q7284421,"Prince Raimundo, 2nd Duke of Castel Duino",male,"https://en.wikipedia.org/wiki/Carlo_Alessandro,_3rd_Duke_of_Castel_Duino"
http://www.wikidata.org/entity/Q75244337,India Oxenberg,http://www.wikidata.org/entity/Q235284,Catherine Oxenberg,female,https://en.wikipedia.org/wiki/India_Oxenberg
http://www.wikidata.org/entity/Q75486738,Carlos Morales y de Grecia,http://www.wikidata.org/entity/Q242348,Princess Alexia of Greece and Denmark,male,https://en.wikipedia.org/wiki/Carlos_Morales_de_Grecia
http://www.wikidata.org/entity/Q75662169,Amelia Morales y de Grecia,http://www.wikidata.org/entity/Q242348,Princess Alexia of Greece and Denmark,female,https://en.wikipedia.org/wiki/Amelia_Morales_y_de_Grecia
http://www.wikidata.org/entity/Q105597990,August Brooksbank,http://www.wikidata.org/entity/Q165709,Princess Eugenie of York,male,https://en.wikipedia.org/wiki/August_Brooksbank
http://www.wikidata.org/entity/Q131934987,Q131934987,http://www.wikidata.org/entity/Q165657,Princess Beatrice of York,female,https://en.wikipedia.org/wiki/Athena_Mapelli_Mozzi
http://www.wikidata.org/entity/Q108703114,Sienna Mapelli Mozzi,http://www.wikidata.org/entity/Q165657,Princess Beatrice of York,female,https://en.wikipedia.org/wiki/Sienna_Mapelli_Mozzi
http://www.wikidata.org/entity/Q119133052,Ernest Brooksbank,http://www.wikidata.org/entity/Q165709,Princess Eugenie of York,male,https://en.wikipedia.org/wiki/Ernest_Brooksbank
http://www.wikidata.org/entity/Q54386,"Infanta Elena, Duchess of Lugo",http://www.wikidata.org/entity/Q156548,Queen Sofía of Spain,female,"https://en.wikipedia.org/wiki/Infanta_Elena,_Duchess_of_Lugo"
http://www.wikidata.org/entity/Q107125551,Princess Lilibet of Sussex,http://www.wikidata.org/entity/Q3304418,"Meghan, Duchess of Sussex",female,https://en.wikipedia.org/wiki/Princess_Lilibet_of_Sussex
http://www.wikidata.org/entity/Q95828,"Philipp, Prince of Hohenlohe-Langenburg",http://www.wikidata.org/entity/Q75383564,Princess Charlotte of Croÿ,male,"https://en.wikipedia.org/wiki/Philipp,_Prince_of_Hohenlohe-Langenburg"
http://www.wikidata.org/entity/Q147663,Zara Tindall,http://www.wikidata.org/entity/Q151754,"Anne, Princess Royal",female,https://en.wikipedia.org/wiki/Zara_Tindall
http://www.wikidata.org/entity/Q152316,"Prince Harry, Duke of Sussex",http://www.wikidata.org/entity/Q9685,"Diana, Princess of Wales",male,"https://en.wikipedia.org/wiki/Prince_Harry,_Duke_of_Sussex"
http://www.wikidata.org/entity/Q165657,Princess Beatrice of York,http://www.wikidata.org/entity/Q55720,Sarah Ferguson,female,https://en.wikipedia.org/wiki/Princess_Beatrice
http://www.wikidata.org/entity/Q165709,Princess Eugenie of York,http://www.wikidata.org/entity/Q55720,Sarah Ferguson,female,https://en.wikipedia.org/wiki/Princess_Eugenie
http://www.wikidata.org/entity/Q191045,Felipe VI of Spain,http://www.wikidata.org/entity/Q156548,Queen Sofía of Spain,male,https://en.wikipedia.org/wiki/Felipe_VI
http://www.wikidata.org/entity/Q242348,Princess Alexia of Greece and Denmark,http://www.wikidata.org/entity/Q564889,Queen Anne-Marie of Greece,female,https://en.wikipedia.org/wiki/Princess_Alexia_of_Greece_and_Denmark
http://www.wikidata.org/entity/Q292274,Princess Theodora of Greece and Denmark,http://www.wikidata.org/entity/Q564889,Queen Anne-Marie of Greece,female,https://en.wikipedia.org/wiki/Princess_Theodora_of_Greece_and_Denmark_(born_1983)
http://www.wikidata.org/entity/Q344908,Peter Phillips,http://www.wikidata.org/entity/Q151754,"Anne, Princess Royal",male,https://en.wikipedia.org/wiki/Peter_Phillips
http://www.wikidata.org/entity/Q381700,"Pavlos, Crown Prince of Greece",http://www.wikidata.org/entity/Q564889,Queen Anne-Marie of Greece,male,"https://en.wikipedia.org/wiki/Pavlos,_Crown_Prince_of_Greece"
http://www.wikidata.org/entity/Q550183,"James, Earl of Wessex",http://www.wikidata.org/entity/Q155203,"Sophie, Duchess of Edinburgh",male,"https://en.wikipedia.org/wiki/James,_Earl_of_Wessex"
http://www.wikidata.org/entity/Q583639,Prince Nikolaos of Greece and Denmark,http://www.wikidata.org/entity/Q564889,Queen Anne-Marie of Greece,male,https://en.wikipedia.org/wiki/Prince_Nikolaos_of_Greece_and_Denmark
http://www.wikidata.org/entity/Q680304,Lady Louise Mountbatten-Windsor,http://www.wikidata.org/entity/Q155203,"Sophie, Duchess of Edinburgh",female,https://en.wikipedia.org/wiki/Lady_Louise_Windsor
http://www.wikidata.org/entity/Q7368919,Rosie Stancer,http://www.wikidata.org/entity/Q75721792,Lady Mary Leveson-Gower,female,https://en.wikipedia.org/wiki/Rosie_Stancer
http://www.wikidata.org/entity/Q1966130,Prince Philippos of Greece and Denmark,http://www.wikidata.org/entity/Q564889,Queen Anne-Marie of Greece,male,https://en.wikipedia.org/wiki/Prince_Philippos_of_Greece_and_Denmark
http://www.wikidata.org/entity/Q36812,"William, Prince of Wales",http://www.wikidata.org/entity/Q43274,Charles III,male,"https://en.wikipedia.org/wiki/William,_Prince_of_Wales"
http://www.wikidata.org/entity/Q95828,"Philipp, Prince of Hohenlohe-Langenburg",http://www.wikidata.org/entity/Q72937,"Kraft, Prince of Hohenlohe-Langenburg",male,"https://en.wikipedia.org/wiki/Philipp,_Prince_of_Hohenlohe-Langenburg"
http://www.wikidata.org/entity/Q54386,"Infanta Elena, Duchess of Lugo",http://www.wikidata.org/entity/Q19943,Juan Carlos I of Spain,female,"https://en.wikipedia.org/wiki/Infanta_Elena,_Duchess_of_Lugo"
http://www.wikidata.org/entity/Q147663,Zara Tindall,http://www.wikidata.org/entity/Q547893,Mark Phillips,female,https://en.wikipedia.org/wiki/Zara_Tindall
http://www.wikidata.org/entity/Q152316,"Prince Harry, Duke of Sussex",http://www.wikidata.org/entity/Q43274,Charles III,male,"https://en.wikipedia.org/wiki/Prince_Harry,_Duke_of_Sussex"
http://www.wikidata.org/entity/Q165657,Princess Beatrice of York,http://www.wikidata.org/entity/Q153330,Andrew Mountbatten-Windsor,female,https://en.wikipedia.org/wiki/Princess_Beatrice
http://www.wikidata.org/entity/Q165709,Princess Eugenie of York,http://www.wikidata.org/entity/Q153330,Andrew Mountbatten-Windsor,female,https://en.wikipedia.org/wiki/Princess_Eugenie
http://www.wikidata.org/entity/Q191045,Felipe VI of Spain,http://www.wikidata.org/entity/Q19943,Juan Carlos I of Spain,male,https://en.wikipedia.org/wiki/Felipe_VI
http://www.wikidata.org/entity/Q242348,Princess Alexia of Greece and Denmark,http://www.wikidata.org/entity/Q151773,Constantine II of Greece,female,https://en.wikipedia.org/wiki/Princess_Alexia_of_Greece_and_Denmark
http://www.wikidata.org/entity/Q292274,Princess Theodora of Greece and Denmark,http://www.wikidata.org/entity/Q151773,Constantine II of Greece,female,https://en.wikipedia.org/wiki/Princess_Theodora_of_Greece_and_Denmark_(born_1983)
http://www.wikidata.org/entity/Q344908,Peter Phillips,http://www.wikidata.org/entity/Q547893,Mark Phillips,male,https://en.wikipedia.org/wiki/Peter_Phillips
http://www.wikidata.org/entity/Q381700,"Pavlos, Crown Prince of Greece",http://www.wikidata.org/entity/Q151773,Constantine II of Greece,male,"https://en.wikipedia.org/wiki/Pavlos,_Crown_Prince_of_Greece"
http://www.wikidata.org/entity/Q550183,"James, Earl of Wessex",http://www.wikidata.org/entity/Q154920,"Prince Edward, Duke of Edinburgh",male,"https://en.wikipedia.org/wiki/James,_Earl_of_Wessex"
http://www.wikidata.org/entity/Q680304,Lady Louise Mountbatten-Windsor,http://www.wikidata.org/entity/Q154920,"Prince Edward, Duke of Edinburgh",female,https://en.wikipedia.org/wiki/Lady_Louise_Windsor
http://www.wikidata.org/entity/Q583639,Prince Nikolaos of Greece and Denmark,http://www.wikidata.org/entity/Q151773,Constantine II of Greece,male,https://en.wikipedia.org/wiki/Prince_Nikolaos_of_Greece_and_Denmark
http://www.wikidata.org/entity/Q1966130,Prince Philippos of Greece and Denmark,http://www.wikidata.org/entity/Q151773,Constantine II of Greece,male,https://en.wikipedia.org/wiki/Prince_Philippos_of_Greece_and_Denmark
http://www.wikidata.org/entity/Q7368919,Rosie Stancer,http://www.wikidata.org/entity/Q75721793,Sir Samuel Clayton,female,https://en.wikipedia.org/wiki/Rosie_Stancer
http://www.wikidata.org/entity/Q230580,Infanta Cristina of Spain,http://www.wikidata.org/entity/Q19943,Juan Carlos I of Spain,female,https://en.wikipedia.org/wiki/Infanta_Cristina_of_Spain
http://www.wikidata.org/entity/Q235284,Catherine Oxenberg,http://www.wikidata.org/entity/Q75393300,Howard Oxenberg,female,https://en.wikipedia.org/wiki/Catherine_Oxenberg
http://www.wikidata.org/entity/Q815126,"Alexander, Crown Prince of Serbia",http://www.wikidata.org/entity/Q223183,Peter II of Yugoslavia,male,"https://en.wikipedia.org/wiki/Alexander,_Crown_Prince_of_Yugoslavia"
http://www.wikidata.org/entity/Q2031618,"Prince Aimone, 6th Duke of Aosta",http://www.wikidata.org/entity/Q452039,"Prince Amedeo, 5th Duke of Aosta",male,https://en.wikipedia.org/wiki/Aimone_di_Savoia_Aosta_(born_1967)
http://www.wikidata.org/entity/Q4719359,"Alexander Lascelles, Viscount Lascelles",http://www.wikidata.org/entity/Q619788,"David Lascelles, 8th Earl of Harewood",male,"https://en.wikipedia.org/wiki/Alexander_Lascelles,_Viscount_Lascelles"
http://www.wikidata.org/entity/Q3270399,"Xan Windsor, Lord Culloden",http://www.wikidata.org/entity/Q621866,"Alexander Windsor, Earl of Ulster",male,https://en.wikipedia.org/wiki/Xan_Windsor
http://www.wikidata.org/entity/Q3272681,Lady Cosima Windsor,http://www.wikidata.org/entity/Q621866,"Alexander Windsor, Earl of Ulster",female,https://en.wikipedia.org/wiki/Lady_Cosima_Windsor
http://www.wikidata.org/entity/Q7518316,"Simon Bowes-Lyon, 19th Earl of Strathmore and Kinghorne",http://www.wikidata.org/entity/Q335615,"Michael Bowes-Lyon, 18th Earl of Strathmore and Kinghorne",male,"https://en.wikipedia.org/wiki/Simon_Bowes-Lyon,_19th_Earl_of_Strathmore_and_Kinghorne"
http://www.wikidata.org/entity/Q76245057,Rufus Gilman,http://www.wikidata.org/entity/Q75623574,George Gilman,male,https://en.wikipedia.org/wiki/Rufus_Gilman
http://www.wikidata.org/entity/Q10382174,"Thomas Anson, 6th Earl of Lichfield",http://www.wikidata.org/entity/Q246026,"Patrick Anson, 5th Earl of Lichfield",male,"https://en.wikipedia.org/wiki/Thomas_Anson,_6th_Earl_of_Lichfield"
http://www.wikidata.org/entity/Q27107390,Christina Oxenberg,http://www.wikidata.org/entity/Q75393300,Howard Oxenberg,female,https://en.wikipedia.org/wiki/Christina_Oxenberg
http://www.wikidata.org/entity/Q58301908,Tatiana Mountbatten,http://www.wikidata.org/entity/Q336783,"George Mountbatten, 4th Marquess of Milford Haven",female,https://en.wikipedia.org/wiki/Lady_Tatiana_Mountbatten
http://www.wikidata.org/entity/Q230580,Infanta Cristina of Spain,http://www.wikidata.org/entity/Q156548,Queen Sofía of Spain,female,https://en.wikipedia.org/wiki/Infanta_Cristina_of_Spain
http://www.wikidata.org/entity/Q235284,Catherine Oxenberg,http://www.wikidata.org/entity/Q257926,Princess Elizabeth of Serbia,female,https://en.wikipedia.org/wiki/Catherine_Oxenberg
http://www.wikidata.org/entity/Q815126,"Alexander, Crown Prince of Serbia",http://www.wikidata.org/entity/Q167423,Alexandra of Yugoslavia,male,"https://en.wikipedia.org/wiki/Alexander,_Crown_Prince_of_Yugoslavia"
http://www.wikidata.org/entity/Q2031618,"Prince Aimone, 6th Duke of Aosta",http://www.wikidata.org/entity/Q1626864,Princess Claude d’Orléans,male,https://en.wikipedia.org/wiki/Aimone_di_Savoia_Aosta_(born_1967)
http://www.wikidata.org/entity/Q3272681,Lady Cosima Windsor,http://www.wikidata.org/entity/Q45962,Claire Booth,female,https://en.wikipedia.org/wiki/Lady_Cosima_Windsor
http://www.wikidata.org/entity/Q4719359,"Alexander Lascelles, Viscount Lascelles",http://www.wikidata.org/entity/Q75381841,Margaret Messenger,male,"https://en.wikipedia.org/wiki/Alexander_Lascelles,_Viscount_Lascelles"
http://www.wikidata.org/entity/Q3270399,"Xan Windsor, Lord Culloden",http://www.wikidata.org/entity/Q45962,Claire Booth,male,https://en.wikipedia.org/wiki/Xan_Windsor
http://www.wikidata.org/entity/Q10382174,"Thomas Anson, 6th Earl of Lichfield",http://www.wikidata.org/entity/Q6526686,"Leonora Anson, Countess of Lichfield",male,"https://en.wikipedia.org/wiki/Thomas_Anson,_6th_Earl_of_Lichfield"
http://www.wikidata.org/entity/Q96731,"Prince Bernhard, Margrave of Baden",http://www.wikidata.org/entity/Q1913939,"Prince Maximilian, Margrave of Baden",male,"https://en.wikipedia.org/wiki/Bernhard,_Margrave_of_Baden"
http://www.wikidata.org/entity/Q663875,Margareta of Romania,http://www.wikidata.org/entity/Q930013,Michael I of Romania,female,https://en.wikipedia.org/wiki/Margareta_of_Romania
http://www.wikidata.org/entity/Q58301908,Tatiana Mountbatten,http://www.wikidata.org/entity/Q75240463,Sarah Walker,female,https://en.wikipedia.org/wiki/Lady_Tatiana_Mountbatten
http://www.wikidata.org/entity/Q27107390,Christina Oxenberg,http://www.wikidata.org/entity/Q257926,Princess Elizabeth of Serbia,female,https://en.wikipedia.org/wiki/Christina_Oxenberg
http://www.wikidata.org/entity/Q76245057,Rufus Gilman,http://www.wikidata.org/entity/Q430785,Lady Rose Windsor,male,https://en.wikipedia.org/wiki/Rufus_Gilman
http://www.wikidata.org/entity/Q7518316,"Simon Bowes-Lyon, 19th Earl of Strathmore and Kinghorne",http://www.wikidata.org/entity/Q75248473,Isobel Weatherall,male,"https://en.wikipedia.org/wiki/Simon_Bowes-Lyon,_19th_Earl_of_Strathmore_and_Kinghorne"
http://www.wikidata.org/entity/Q1468375,Princess Sophie of Romania,http://www.wikidata.org/entity/Q930013,Michael I of Romania,female,https://en.wikipedia.org/wiki/Princess_Sophie_of_Romania
http://www.wikidata.org/entity/Q1212263,Princess Maria of Romania,http://www.wikidata.org/entity/Q930013,Michael I of Romania,female,https://en.wikipedia.org/wiki/Princess_Maria_of_Romania_(born_1964)
http://www.wikidata.org/entity/Q1781299,Prince Dimitri Karađorđević,http://www.wikidata.org/entity/Q2242035,Prince Alexander of Serbia,male,https://en.wikipedia.org/wiki/Prince_Dimitri_of_Yugoslavia
http://www.wikidata.org/entity/Q2414886,Lady Margarita Armstrong-Jones,http://www.wikidata.org/entity/Q1091237,"David Armstrong-Jones, 2nd Earl of Snowdon",female,https://en.wikipedia.org/wiki/Lady_Margarita_Armstrong-Jones
http://www.wikidata.org/entity/Q2423576,Princess Elena of Romania,http://www.wikidata.org/entity/Q930013,Michael I of Romania,female,https://en.wikipedia.org/wiki/Princess_Elena_of_Romania
http://www.wikidata.org/entity/Q3736601,Arthur Chatto,http://www.wikidata.org/entity/Q331657,Daniel Chatto,male,https://en.wikipedia.org/wiki/Arthur_Chatto
http://www.wikidata.org/entity/Q6658829,Princess Irina of Romania,http://www.wikidata.org/entity/Q930013,Michael I of Romania,female,https://en.wikipedia.org/wiki/Princess_Irina_of_Romania
http://www.wikidata.org/entity/Q4381222,Samuel Chatto,http://www.wikidata.org/entity/Q331657,Daniel Chatto,male,https://en.wikipedia.org/wiki/Samuel_Chatto
http://www.wikidata.org/entity/Q11324270,Nicholas Knatchbull,http://www.wikidata.org/entity/Q1948021,"Norton Knatchbull, 3rd Earl Mountbatten of Burma",male,https://en.wikipedia.org/wiki/Nicholas_Knatchbull_(born_1981)
http://www.wikidata.org/entity/Q4720674,Alexandra Hooper,http://www.wikidata.org/entity/Q1948021,"Norton Knatchbull, 3rd Earl Mountbatten of Burma",female,https://en.wikipedia.org/wiki/Alexandra_Hooper
http://www.wikidata.org/entity/Q75774742,Daisy Knatchbull,http://www.wikidata.org/entity/Q75383945,Philip Knatchbull,female,https://en.wikipedia.org/wiki/Daisy_Knatchbull
http://www.wikidata.org/entity/Q75248478,Albemarle Bowes-Lyon,http://www.wikidata.org/entity/Q63806478,Michael Bowes-Lyon,male,https://en.wikipedia.org/wiki/Albemarle_Bowes-Lyon
http://www.wikidata.org/entity/Q50220539,Prince Stefan of Serbia,http://www.wikidata.org/entity/Q3268142,"Philip, Hereditary Prince of Serbia",male,https://en.wikipedia.org/wiki/Prince_Stefan_of_Yugoslavia
http://www.wikidata.org/entity/Q84795732,Jeanne Marie Langtry,http://www.wikidata.org/entity/Q63196804,Edward Langtry,female,https://en.wikipedia.org/wiki/Jeanne_Marie_Langtry
http://www.wikidata.org/entity/Q16018831,Mary Malcolm,http://www.wikidata.org/entity/Q3147302,Ian Malcolm,female,https://en.wikipedia.org/wiki/Mary_Malcolm
http://www.wikidata.org/entity/Q7562997,"Archduchess Sophie, Princess of Windisch-Graetz",http://www.wikidata.org/entity/Q23659419,"Archduchess Helene, Archduchess Ferdinand of Austria",female,https://en.wikipedia.org/wiki/Sophie_Habsburg
http://www.wikidata.org/entity/Q50220539,Prince Stefan of Serbia,http://www.wikidata.org/entity/Q61855462,"Danica, Hereditary Princess of Serbia",male,https://en.wikipedia.org/wiki/Prince_Stefan_of_Yugoslavia
http://www.wikidata.org/entity/Q75328030,Angelica Hicks,http://www.wikidata.org/entity/Q75328043,Allegra Hicks,female,https://en.wikipedia.org/wiki/Angelica_Hicks
http://www.wikidata.org/entity/Q75248480,Mary Colman,http://www.wikidata.org/entity/Q63806478,Michael Bowes-Lyon,female,https://en.wikipedia.org/wiki/Lady_Mary_Colman
http://www.wikidata.org/entity/Q11801765,Simon Bowes-Lyon,http://www.wikidata.org/entity/Q5231604,David Bowes-Lyon,male,https://en.wikipedia.org/wiki/Simon_Bowes-Lyon
http://www.wikidata.org/entity/Q25998958,"Granville Leveson-Gower, 5th Earl Granville",http://www.wikidata.org/entity/Q1149075,"William Leveson-Gower, 4th Earl Granville",male,"https://en.wikipedia.org/wiki/Granville_Leveson-Gower,_5th_Earl_Granville"
